Instance,Terminal,Layer,X location,Y location,Voltage
FILLER_35_250,VSS,Metal1,147.0000,156.8000,0.000013
FILLER_35_248,VSS,Metal1,146.1600,156.8000,0.000013
FILLER_35_240,VSS,Metal1,142.8530,156.3380,0.000013
FILLER_35_206,VSS,Metal1,125.9520,156.2520,0.000013
FILLER_35_188,VSS,Metal1,115.8720,156.2520,0.000013
FILLER_35_138,VSS,Metal1,92.2840,156.2020,0.000012
FILLER_35_104,VSS,Metal1,68.8320,156.2520,0.000010
FILLER_35_70,VSS,Metal1,54.2040,156.2020,0.000010
FILLER_35_36,VSS,Metal1,35.1640,156.2020,0.000009
FILLER_35_2,VSS,Metal1,16.1240,156.2020,0.000008
FILLER_34_247,VSS,Metal1,145.7800,149.3085,0.000068
FILLER_34_213,VSS,Metal1,129.8720,149.5080,0.000068
FILLER_34_193,VSS,Metal1,115.5400,149.3085,0.000064
FILLER_34_173,VSS,Metal1,104.1600,148.9600,0.000064
FILLER_34_169,VSS,Metal1,102.1000,149.3085,0.000064
FILLER_34_153,VSS,Metal1,92.6800,148.9600,0.000063
FILLER_34_151,VSS,Metal1,91.8400,148.9600,0.000063
FILLER_34_147,VSS,Metal1,89.7800,149.3085,0.000063
FILLER_34_139,VSS,Metal1,86.2930,149.4215,0.000063
FILLER_34_107,VSS,Metal1,74.9240,149.5575,0.000059
FILLER_34_101,VSS,Metal1,64.0200,149.3085,0.000059
FILLER_34_37,VSS,Metal1,44.6445,149.5975,0.000059
FILLER_34_34,VSS,Metal1,26.0400,148.9600,0.000059
FILLER_34_2,VSS,Metal1,16.1240,149.5575,0.000059
FILLER_33_214,VSS,Metal1,126.8400,148.9600,0.000068
FILLER_33_212,VSS,Metal1,126.0000,148.9600,0.000066
FILLER_33_206,VSS,Metal1,122.8200,148.6110,0.000066
FILLER_33_198,VSS,Metal1,119.3330,148.4980,0.000066
FILLER_33_158,VSS,Metal1,95.9400,148.6110,0.000063
FILLER_33_142,VSS,Metal1,90.1120,148.4120,0.000063
FILLER_33_136,VSS,Metal1,83.6200,148.6110,0.000060
FILLER_33_72,VSS,Metal1,64.2445,148.3220,0.000059
FILLER_33_66,VSS,Metal1,44.4200,148.6110,0.000059
FILLER_33_2,VSS,Metal1,25.0445,148.3220,0.000059
FILLER_32_247,VSS,Metal1,145.7800,141.4685,0.000205
FILLER_32_243,VSS,Metal1,143.3600,141.1200,0.000205
FILLER_32_239,VSS,Metal1,141.3000,141.4685,0.000205
FILLER_32_187,VSS,Metal1,111.7200,141.1200,0.000202
FILLER_32_185,VSS,Metal1,110.8800,141.1200,0.000202
FILLER_32_177,VSS,Metal1,107.5730,141.5815,0.000201
FILLER_32_171,VSS,Metal1,103.2200,141.4685,0.000201
FILLER_32_131,VSS,Metal1,80.8200,141.4685,0.000199
FILLER_32_123,VSS,Metal1,77.3330,141.5815,0.000199
FILLER_32_107,VSS,Metal1,70.5120,141.6680,0.000195
FILLER_32_104,VSS,Metal1,65.2400,141.1200,0.000195
FILLER_32_100,VSS,Metal1,63.4600,141.4685,0.000195
FILLER_32_64,VSS,Metal1,43.1200,141.1200,0.000184
FILLER_32_60,VSS,Metal1,41.0600,141.4685,0.000183
FILLER_32_44,VSS,Metal1,35.2320,141.6680,0.000183
FILLER_32_37,VSS,Metal1,27.7200,141.1200,0.000183
FILLER_32_34,VSS,Metal1,26.0400,141.1200,0.000169
FILLER_32_2,VSS,Metal1,16.1240,141.7175,0.000169
FILLER_31_250,VSS,Metal1,147.0000,141.1200,0.000205
FILLER_31_248,VSS,Metal1,146.1600,141.1200,0.000205
FILLER_31_244,VSS,Metal1,144.1000,140.7710,0.000205
FILLER_31_212,VSS,Metal1,133.7240,140.5220,0.000205
FILLER_31_206,VSS,Metal1,122.8200,140.7710,0.000205
FILLER_31_190,VSS,Metal1,113.4000,141.1200,0.000205
FILLER_31_188,VSS,Metal1,112.5600,141.1200,0.000202
FILLER_31_180,VSS,Metal1,109.2530,140.6580,0.000201
FILLER_31_164,VSS,Metal1,98.8400,141.1200,0.000201
FILLER_31_162,VSS,Metal1,98.0000,141.1200,0.000201
FILLER_31_158,VSS,Metal1,95.9400,140.7710,0.000201
FILLER_31_142,VSS,Metal1,90.1120,140.5720,0.000201
FILLER_31_139,VSS,Metal1,84.8400,141.1200,0.000201
FILLER_31_123,VSS,Metal1,79.4720,140.5720,0.000199
FILLER_31_91,VSS,Metal1,65.9640,140.5220,0.000195
FILLER_31_74,VSS,Metal1,48.4400,141.1200,0.000194
FILLER_31_72,VSS,Metal1,47.6000,141.1200,0.000194
FILLER_31_69,VSS,Metal1,45.6400,141.1200,0.000194
FILLER_31_67,VSS,Metal1,44.8000,141.1200,0.000184
FILLER_31_32,VSS,Metal1,24.9200,141.1200,0.000169
FILLER_31_30,VSS,Metal1,24.0800,141.1200,0.000169
FILLER_31_26,VSS,Metal1,22.0200,140.7710,0.000169
FILLER_31_18,VSS,Metal1,18.5330,140.6580,0.000169
FILLER_31_2,VSS,Metal1,11.7120,140.5720,0.000169
FILLER_30_247,VSS,Metal1,145.7800,133.6285,0.000097
FILLER_30_241,VSS,Metal1,142.4200,133.6285,0.000097
FILLER_30_233,VSS,Metal1,138.9330,133.7415,0.000097
FILLER_30_201,VSS,Metal1,127.5640,133.8775,0.000097
FILLER_30_177,VSS,Metal1,109.7120,133.8280,0.000097
FILLER_30_171,VSS,Metal1,103.2200,133.6285,0.000097
FILLER_30_107,VSS,Metal1,83.8445,133.9175,0.000097
FILLER_30_103,VSS,Metal1,64.9600,133.2800,0.000097
FILLER_30_87,VSS,Metal1,59.3120,133.8280,0.000096
FILLER_30_77,VSS,Metal1,50.5800,133.6285,0.000094
FILLER_30_67,VSS,Metal1,44.8000,133.2800,0.000089
FILLER_30_51,VSS,Metal1,39.1520,133.8280,0.000089
FILLER_30_37,VSS,Metal1,27.7200,133.2800,0.000085
FILLER_30_34,VSS,Metal1,26.0400,133.2800,0.000082
FILLER_30_30,VSS,Metal1,24.2600,133.6285,0.000082
FILLER_30_22,VSS,Metal1,20.7730,133.7415,0.000082
FILLER_30_6,VSS,Metal1,10.6400,133.2800,0.000082
FILLER_30_2,VSS,Metal1,8.5800,133.6285,0.000082
FILLER_29_234,VSS,Metal1,138.0400,133.2800,0.000097
FILLER_29_232,VSS,Metal1,137.2000,133.2800,0.000097
FILLER_29_228,VSS,Metal1,135.1400,132.9310,0.000097
FILLER_29_212,VSS,Metal1,129.3120,132.7320,0.000097
FILLER_29_187,VSS,Metal1,112.0000,133.2800,0.000097
FILLER_29_179,VSS,Metal1,108.6930,132.8180,0.000097
FILLER_29_142,VSS,Metal1,86.5200,133.2800,0.000097
FILLER_29_139,VSS,Metal1,84.8400,133.2800,0.000097
FILLER_29_137,VSS,Metal1,84.0000,133.2800,0.000097
FILLER_29_129,VSS,Metal1,80.6930,132.8180,0.000097
FILLER_29_94,VSS,Metal1,59.6400,133.2800,0.000096
FILLER_29_92,VSS,Metal1,58.8000,133.2800,0.000096
FILLER_29_88,VSS,Metal1,56.7400,132.9310,0.000096
FILLER_29_72,VSS,Metal1,50.9120,132.7320,0.000094
FILLER_29_68,VSS,Metal1,45.3600,133.2800,0.000089
FILLER_29_60,VSS,Metal1,42.0530,132.8180,0.000089
FILLER_29_44,VSS,Metal1,35.2320,132.7320,0.000089
FILLER_28_247,VSS,Metal1,145.7800,125.7885,0.000106
FILLER_28_228,VSS,Metal1,134.6800,125.4400,0.000106
FILLER_28_226,VSS,Metal1,133.8400,125.4400,0.000106
FILLER_28_189,VSS,Metal1,112.8400,125.4400,0.000102
FILLER_28_185,VSS,Metal1,111.0600,125.7885,0.000102
FILLER_28_177,VSS,Metal1,107.5730,125.9015,0.000102
FILLER_28_128,VSS,Metal1,86.6840,126.0375,0.000100
FILLER_28_121,VSS,Metal1,74.7600,125.4400,0.000099
FILLER_28_119,VSS,Metal1,73.9200,125.4400,0.000099
FILLER_28_115,VSS,Metal1,71.8600,125.7885,0.000098
FILLER_28_107,VSS,Metal1,68.3730,125.9015,0.000095
FILLER_28_101,VSS,Metal1,64.0200,125.7885,0.000095
FILLER_28_91,VSS,Metal1,58.2400,125.4400,0.000091
FILLER_28_75,VSS,Metal1,52.5920,125.9880,0.000088
FILLER_28_68,VSS,Metal1,45.0800,125.4400,0.000084
FILLER_28_66,VSS,Metal1,44.2400,125.4400,0.000084
FILLER_28_50,VSS,Metal1,38.5920,125.9880,0.000079
FILLER_28_41,VSS,Metal1,29.9600,125.4400,0.000078
FILLER_28_37,VSS,Metal1,28.1800,125.7885,0.000078
FILLER_28_34,VSS,Metal1,26.0400,125.4400,0.000078
FILLER_28_18,VSS,Metal1,20.6720,125.9880,0.000078
FILLER_28_2,VSS,Metal1,9.5730,125.9015,0.000078
FILLER_27_214,VSS,Metal1,126.8400,125.4400,0.000106
FILLER_27_212,VSS,Metal1,126.0000,125.4400,0.000106
FILLER_27_198,VSS,Metal1,118.3400,125.0910,0.000106
FILLER_27_190,VSS,Metal1,114.8530,124.9780,0.000106
FILLER_27_174,VSS,Metal1,108.0320,124.8920,0.000102
FILLER_27_142,VSS,Metal1,94.5240,124.8420,0.000100
FILLER_27_139,VSS,Metal1,84.8400,125.4400,0.000100
FILLER_27_137,VSS,Metal1,84.0000,125.4400,0.000100
FILLER_27_129,VSS,Metal1,80.6930,124.9780,0.000100
FILLER_27_116,VSS,Metal1,71.9600,125.4400,0.000098
FILLER_27_100,VSS,Metal1,66.5920,124.8920,0.000095
FILLER_27_90,VSS,Metal1,57.8600,125.0910,0.000091
FILLER_27_81,VSS,Metal1,52.6400,125.4400,0.000088
FILLER_27_30,VSS,Metal1,23.8000,125.4400,0.000078
FILLER_27_28,VSS,Metal1,22.9600,125.4400,0.000078
FILLER_27_24,VSS,Metal1,20.9000,125.0910,0.000078
FILLER_27_16,VSS,Metal1,17.4130,124.9780,0.000078
FILLER_27_2,VSS,Metal1,9.5730,124.9780,0.000078
FILLER_26_247,VSS,Metal1,145.7800,117.9485,0.000093
FILLER_26_244,VSS,Metal1,143.6400,117.6000,0.000093
FILLER_26_225,VSS,Metal1,133.0000,117.6000,0.000092
FILLER_26_223,VSS,Metal1,132.1600,117.6000,0.000092
FILLER_26_215,VSS,Metal1,128.8530,118.0615,0.000092
FILLER_26_208,VSS,Metal1,123.4800,117.6000,0.000091
FILLER_26_204,VSS,Metal1,121.7000,117.9485,0.000091
FILLER_26_196,VSS,Metal1,118.2130,118.0615,0.000091
FILLER_26_177,VSS,Metal1,107.5730,118.0615,0.000089
FILLER_26_173,VSS,Metal1,104.1600,117.6000,0.000089
FILLER_26_169,VSS,Metal1,102.1000,117.9485,0.000089
FILLER_26_153,VSS,Metal1,96.2720,118.1480,0.000089
FILLER_26_115,VSS,Metal1,71.8600,117.9485,0.000087
FILLER_26_107,VSS,Metal1,68.3730,118.0615,0.000087
FILLER_26_104,VSS,Metal1,65.2400,117.6000,0.000087
FILLER_26_100,VSS,Metal1,63.4600,117.9485,0.000087
FILLER_26_92,VSS,Metal1,59.9730,118.0615,0.000087
FILLER_26_84,VSS,Metal1,54.3200,117.6000,0.000087
FILLER_26_80,VSS,Metal1,52.2600,117.9485,0.000087
FILLER_26_72,VSS,Metal1,48.7730,118.0615,0.000087
FILLER_26_63,VSS,Metal1,42.2800,117.6000,0.000084
FILLER_26_61,VSS,Metal1,41.4400,117.6000,0.000084
FILLER_26_53,VSS,Metal1,38.1330,118.0615,0.000084
FILLER_26_37,VSS,Metal1,31.3120,118.1480,0.000084
FILLER_26_33,VSS,Metal1,25.7600,117.6000,0.000082
FILLER_26_17,VSS,Metal1,20.1120,118.1480,0.000082
FILLER_26_6,VSS,Metal1,10.3600,117.6000,0.000082
FILLER_26_2,VSS,Metal1,8.5800,117.9485,0.000082
FILLER_25_224,VSS,Metal1,132.4400,117.6000,0.000092
FILLER_25_220,VSS,Metal1,130.6600,117.2510,0.000092
FILLER_25_212,VSS,Metal1,127.1730,117.1380,0.000092
FILLER_25_197,VSS,Metal1,118.7730,117.1380,0.000091
FILLER_25_188,VSS,Metal1,112.2800,117.6000,0.000090
FILLER_25_184,VSS,Metal1,110.5000,117.2510,0.000090
FILLER_25_142,VSS,Metal1,87.9730,117.1380,0.000088
FILLER_25_136,VSS,Metal1,83.6200,117.2510,0.000088
FILLER_25_72,VSS,Metal1,64.2445,116.9620,0.000087
FILLER_25_38,VSS,Metal1,36.2840,117.0020,0.000084
FILLER_25_2,VSS,Metal1,8.4000,117.6000,0.000082
FILLER_24_247,VSS,Metal1,145.7800,110.1085,0.000316
FILLER_24_228,VSS,Metal1,134.6800,109.7600,0.000316
FILLER_24_224,VSS,Metal1,132.9000,110.1085,0.000316
FILLER_24_192,VSS,Metal1,122.5240,110.3575,0.000316
FILLER_24_183,VSS,Metal1,109.4800,109.7600,0.000316
FILLER_24_181,VSS,Metal1,108.6400,109.7600,0.000316
FILLER_24_177,VSS,Metal1,106.5800,110.1085,0.000316
FILLER_24_174,VSS,Metal1,104.4400,109.7600,0.000316
FILLER_24_166,VSS,Metal1,101.4130,110.2215,0.000316
FILLER_24_157,VSS,Metal1,94.9200,109.7600,0.000316
FILLER_24_155,VSS,Metal1,94.0800,109.7600,0.000316
FILLER_24_139,VSS,Metal1,88.4320,110.3080,0.000314
FILLER_24_107,VSS,Metal1,74.9240,110.3575,0.000300
FILLER_24_69,VSS,Metal1,49.2320,110.3080,0.000270
FILLER_24_37,VSS,Metal1,35.7240,110.3575,0.000254
FILLER_24_34,VSS,Metal1,26.0400,109.7600,0.000247
FILLER_24_18,VSS,Metal1,20.6720,110.3080,0.000248
FILLER_23_229,VSS,Metal1,135.5200,109.7600,0.000316
FILLER_23_221,VSS,Metal1,132.2130,109.2980,0.000316
FILLER_23_212,VSS,Metal1,126.0000,109.7600,0.000316
FILLER_23_208,VSS,Metal1,123.7600,109.7600,0.000316
FILLER_23_204,VSS,Metal1,121.7000,109.4110,0.000316
FILLER_23_196,VSS,Metal1,118.2130,109.2980,0.000316
FILLER_23_142,VSS,Metal1,86.9800,109.4110,0.000314
FILLER_23_136,VSS,Metal1,83.6200,109.4110,0.000303
FILLER_23_100,VSS,Metal1,63.2800,109.7600,0.000287
FILLER_23_92,VSS,Metal1,59.9730,109.2980,0.000284
FILLER_23_72,VSS,Metal1,47.7800,109.4110,0.000270
FILLER_23_69,VSS,Metal1,45.6400,109.7600,0.000270
FILLER_23_67,VSS,Metal1,44.8000,109.7600,0.000255
FILLER_23_63,VSS,Metal1,42.7400,109.4110,0.000254
FILLER_23_38,VSS,Metal1,28.2800,109.7600,0.000254
FILLER_23_34,VSS,Metal1,26.5000,109.4110,0.000247
FILLER_22_247,VSS,Metal1,145.7800,102.2685,0.000384
FILLER_22_197,VSS,Metal1,118.7730,102.3815,0.000381
FILLER_22_170,VSS,Metal1,102.2000,101.9200,0.000365
FILLER_22_160,VSS,Metal1,96.6000,101.9200,0.000364
FILLER_22_125,VSS,Metal1,77.0000,101.9200,0.000352
FILLER_22_123,VSS,Metal1,76.1600,101.9200,0.000352
FILLER_22_107,VSS,Metal1,70.5120,102.4680,0.000352
FILLER_22_104,VSS,Metal1,65.2400,101.9200,0.000352
FILLER_22_88,VSS,Metal1,59.8720,102.4680,0.000352
FILLER_22_69,VSS,Metal1,45.9200,101.9200,0.000311
FILLER_22_49,VSS,Metal1,35.8930,102.3815,0.000305
FILLER_22_33,VSS,Metal1,25.7600,101.9200,0.000302
FILLER_22_20,VSS,Metal1,18.2000,101.9200,0.000303
FILLER_22_18,VSS,Metal1,17.3600,101.9200,0.000303
FILLER_21_250,VSS,Metal1,147.0000,101.9200,0.000384
FILLER_21_234,VSS,Metal1,141.6320,101.3720,0.000384
FILLER_21_228,VSS,Metal1,134.6800,101.9200,0.000384
FILLER_21_212,VSS,Metal1,127.1730,101.4580,0.000384
FILLER_21_206,VSS,Metal1,122.8200,101.5710,0.000383
FILLER_21_198,VSS,Metal1,119.3330,101.4580,0.000381
FILLER_21_178,VSS,Metal1,106.9600,101.9200,0.000372
FILLER_21_174,VSS,Metal1,104.9000,101.5710,0.000372
FILLER_21_166,VSS,Metal1,101.4130,101.4580,0.000364
FILLER_21_150,VSS,Metal1,91.2800,101.9200,0.000353
FILLER_21_142,VSS,Metal1,87.9730,101.4580,0.000353
FILLER_21_138,VSS,Metal1,84.5600,101.9200,0.000353
FILLER_21_130,VSS,Metal1,81.2530,101.4580,0.000353
FILLER_21_72,VSS,Metal1,47.7800,101.5710,0.000329
FILLER_21_68,VSS,Metal1,45.3600,101.9200,0.000311
FILLER_21_63,VSS,Metal1,42.2800,101.9200,0.000309
FILLER_21_47,VSS,Metal1,36.9120,101.3720,0.000305
FILLER_21_32,VSS,Metal1,24.9200,101.9200,0.000303
FILLER_21_30,VSS,Metal1,24.0800,101.9200,0.000303
FILLER_20_247,VSS,Metal1,145.7800,94.4285,0.000067
FILLER_20_243,VSS,Metal1,143.3600,94.0800,0.000067
FILLER_20_235,VSS,Metal1,140.0530,94.5415,0.000067
FILLER_20_219,VSS,Metal1,133.2320,94.6280,0.000067
FILLER_20_211,VSS,Metal1,125.1600,94.0800,0.000067
FILLER_20_209,VSS,Metal1,124.3200,94.0800,0.000066
FILLER_20_177,VSS,Metal1,114.1240,94.6775,0.000066
FILLER_20_174,VSS,Metal1,104.4400,94.0800,0.000066
FILLER_20_170,VSS,Metal1,102.6600,94.4285,0.000066
FILLER_20_154,VSS,Metal1,96.8320,94.6280,0.000066
FILLER_20_122,VSS,Metal1,83.3240,94.6775,0.000065
FILLER_20_109,VSS,Metal1,68.0400,94.0800,0.000062
FILLER_20_107,VSS,Metal1,67.2000,94.0800,0.000062
FILLER_20_88,VSS,Metal1,56.2800,94.0800,0.000060
FILLER_20_76,VSS,Metal1,49.5600,94.0800,0.000058
FILLER_20_60,VSS,Metal1,44.1920,94.6280,0.000058
FILLER_20_49,VSS,Metal1,34.7200,94.0800,0.000057
FILLER_20_45,VSS,Metal1,32.6600,94.4285,0.000057
FILLER_20_37,VSS,Metal1,29.1730,94.5415,0.000054
FILLER_20_34,VSS,Metal1,26.0400,94.0800,0.000052
FILLER_20_30,VSS,Metal1,24.2600,94.4285,0.000052
FILLER_19_234,VSS,Metal1,138.0400,94.0800,0.000067
FILLER_19_232,VSS,Metal1,137.2000,94.0800,0.000067
FILLER_19_212,VSS,Metal1,126.1800,93.7310,0.000067
FILLER_19_208,VSS,Metal1,123.7600,94.0800,0.000066
FILLER_19_192,VSS,Metal1,118.1120,93.5320,0.000066
FILLER_19_138,VSS,Metal1,84.5600,94.0800,0.000065
FILLER_19_130,VSS,Metal1,81.2530,93.6180,0.000065
FILLER_19_112,VSS,Metal1,69.7200,94.0800,0.000065
FILLER_19_110,VSS,Metal1,68.8800,94.0800,0.000062
FILLER_19_106,VSS,Metal1,66.8200,93.7310,0.000062
FILLER_19_98,VSS,Metal1,63.3330,93.6180,0.000061
FILLER_19_84,VSS,Metal1,54.3200,94.0800,0.000059
FILLER_19_80,VSS,Metal1,52.2600,93.7310,0.000058
FILLER_19_72,VSS,Metal1,48.7730,93.6180,0.000058
FILLER_19_69,VSS,Metal1,45.6400,94.0800,0.000058
FILLER_19_56,VSS,Metal1,38.6400,94.0800,0.000057
FILLER_19_52,VSS,Metal1,36.5800,93.7310,0.000057
FILLER_19_42,VSS,Metal1,30.8000,94.0800,0.000054
FILLER_19_38,VSS,Metal1,28.7400,93.7310,0.000054
FILLER_19_30,VSS,Metal1,25.2530,93.6180,0.000052
FILLER_18_247,VSS,Metal1,145.7800,86.5885,0.000621
FILLER_18_195,VSS,Metal1,116.6600,86.5885,0.000619
FILLER_18_186,VSS,Metal1,111.1600,86.2400,0.000619
FILLER_18_177,VSS,Metal1,106.1200,86.2400,0.000619
FILLER_18_109,VSS,Metal1,68.0400,86.2400,0.000565
FILLER_18_107,VSS,Metal1,67.2000,86.2400,0.000563
FILLER_18_97,VSS,Metal1,62.7730,86.7015,0.000537
FILLER_18_81,VSS,Metal1,55.9520,86.7880,0.000536
FILLER_18_49,VSS,Metal1,42.4440,86.8375,0.000533
FILLER_18_31,VSS,Metal1,24.8200,86.5885,0.000512
FILLER_17_247,VSS,Metal1,145.7800,85.8910,0.000621
FILLER_17_239,VSS,Metal1,142.2930,85.7780,0.000621
FILLER_17_223,VSS,Metal1,135.4720,85.6920,0.000621
FILLER_17_214,VSS,Metal1,126.8400,86.2400,0.000621
FILLER_17_212,VSS,Metal1,126.0000,86.2400,0.000620
FILLER_17_208,VSS,Metal1,123.7600,86.2400,0.000619
FILLER_17_204,VSS,Metal1,121.7000,85.8910,0.000619
FILLER_17_150,VSS,Metal1,91.4600,85.8910,0.000613
FILLER_17_142,VSS,Metal1,87.9730,85.7780,0.000613
FILLER_17_138,VSS,Metal1,84.5600,86.2400,0.000613
FILLER_17_130,VSS,Metal1,81.2530,85.7780,0.000613
FILLER_17_116,VSS,Metal1,72.2400,86.2400,0.000613
FILLER_17_112,VSS,Metal1,70.1800,85.8910,0.000599
FILLER_17_104,VSS,Metal1,66.6930,85.7780,0.000563
FILLER_17_72,VSS,Metal1,55.3240,85.6420,0.000536
FILLER_17_69,VSS,Metal1,45.6400,86.2400,0.000533
FILLER_17_61,VSS,Metal1,42.6130,85.7780,0.000533
FILLER_17_45,VSS,Metal1,35.7920,85.6920,0.000533
FILLER_17_32,VSS,Metal1,25.2000,86.2400,0.000512
FILLER_17_28,VSS,Metal1,23.1400,85.8910,0.000512
FILLER_16_247,VSS,Metal1,145.7800,78.7485,0.000294
FILLER_16_207,VSS,Metal1,123.2000,78.4000,0.000291
FILLER_16_199,VSS,Metal1,119.8930,78.8615,0.000291
FILLER_16_181,VSS,Metal1,108.3600,78.4000,0.000289
FILLER_16_177,VSS,Metal1,106.5800,78.7485,0.000285
FILLER_16_174,VSS,Metal1,104.4400,78.4000,0.000279
FILLER_16_170,VSS,Metal1,102.6600,78.7485,0.000278
FILLER_16_162,VSS,Metal1,99.1730,78.8615,0.000278
FILLER_16_150,VSS,Metal1,91.4600,78.7485,0.000278
FILLER_16_142,VSS,Metal1,87.9730,78.8615,0.000278
FILLER_16_126,VSS,Metal1,81.1520,78.9480,0.000270
FILLER_16_109,VSS,Metal1,68.0400,78.4000,0.000264
FILLER_16_107,VSS,Metal1,67.2000,78.4000,0.000257
FILLER_16_104,VSS,Metal1,65.2400,78.4000,0.000251
FILLER_16_92,VSS,Metal1,58.8000,78.4000,0.000248
FILLER_16_88,VSS,Metal1,56.7400,78.7485,0.000240
FILLER_16_60,VSS,Metal1,40.6000,78.4000,0.000205
FILLER_16_58,VSS,Metal1,39.7600,78.4000,0.000205
FILLER_16_41,VSS,Metal1,30.2400,78.4000,0.000204
FILLER_16_37,VSS,Metal1,28.1800,78.7485,0.000204
FILLER_16_34,VSS,Metal1,26.0400,78.4000,0.000185
FILLER_16_32,VSS,Metal1,25.2000,78.4000,0.000185
FILLER_16_28,VSS,Metal1,23.1400,78.7485,0.000186
FILLER_15_219,VSS,Metal1,137.6440,77.8020,0.000294
FILLER_15_212,VSS,Metal1,126.0000,78.4000,0.000294
FILLER_15_204,VSS,Metal1,121.2400,78.4000,0.000291
FILLER_15_196,VSS,Metal1,118.2130,77.9380,0.000290
FILLER_15_188,VSS,Metal1,112.7400,78.0510,0.000290
FILLER_15_176,VSS,Metal1,105.8400,78.4000,0.000283
FILLER_15_138,VSS,Metal1,84.5600,78.4000,0.000270
FILLER_15_130,VSS,Metal1,81.2530,77.9380,0.000270
FILLER_15_114,VSS,Metal1,70.8400,78.4000,0.000268
FILLER_15_112,VSS,Metal1,70.0000,78.4000,0.000268
FILLER_15_108,VSS,Metal1,67.9400,78.0510,0.000264
FILLER_15_83,VSS,Metal1,54.9330,77.9380,0.000238
FILLER_15_72,VSS,Metal1,47.6000,78.4000,0.000219
FILLER_15_68,VSS,Metal1,45.3600,78.4000,0.000208
FILLER_15_64,VSS,Metal1,43.3000,78.0510,0.000208
FILLER_15_48,VSS,Metal1,37.4720,77.8520,0.000205
FILLER_15_34,VSS,Metal1,26.3200,78.4000,0.000185
FILLER_15_30,VSS,Metal1,24.2600,78.0510,0.000185
FILLER_14_247,VSS,Metal1,145.7800,70.9085,0.000453
FILLER_14_244,VSS,Metal1,143.6400,70.5600,0.000453
FILLER_14_242,VSS,Metal1,142.8000,70.5600,0.000453
FILLER_14_238,VSS,Metal1,140.7400,70.9085,0.000453
FILLER_14_222,VSS,Metal1,134.9120,71.1080,0.000453
FILLER_14_213,VSS,Metal1,126.2800,70.5600,0.000453
FILLER_14_211,VSS,Metal1,125.4400,70.5600,0.000453
FILLER_14_201,VSS,Metal1,119.5600,70.5600,0.000450
FILLER_14_193,VSS,Metal1,116.5330,71.0215,0.000450
FILLER_14_177,VSS,Metal1,109.7120,71.1080,0.000449
FILLER_14_151,VSS,Metal1,95.1520,71.1080,0.000444
FILLER_14_137,VSS,Metal1,83.7200,70.5600,0.000411
FILLER_14_135,VSS,Metal1,82.8800,70.5600,0.000411
FILLER_14_131,VSS,Metal1,80.8200,70.9085,0.000411
FILLER_14_123,VSS,Metal1,77.3330,71.0215,0.000407
FILLER_14_107,VSS,Metal1,70.5120,71.1080,0.000407
FILLER_14_103,VSS,Metal1,64.9600,70.5600,0.000407
FILLER_14_87,VSS,Metal1,59.3120,71.1080,0.000407
FILLER_14_77,VSS,Metal1,50.4000,70.5600,0.000398
FILLER_14_65,VSS,Metal1,43.4000,70.5600,0.000369
FILLER_14_57,VSS,Metal1,40.3730,71.0215,0.000364
FILLER_14_43,VSS,Metal1,31.0800,70.5600,0.000363
FILLER_14_41,VSS,Metal1,30.2400,70.5600,0.000363
FILLER_14_37,VSS,Metal1,28.1800,70.9085,0.000363
FILLER_14_34,VSS,Metal1,26.0400,70.5600,0.000363
FILLER_14_32,VSS,Metal1,25.2000,70.5600,0.000363
FILLER_14_18,VSS,Metal1,17.3600,70.5600,0.000363
FILLER_13_234,VSS,Metal1,138.0400,70.5600,0.000453
FILLER_13_232,VSS,Metal1,137.2000,70.5600,0.000453
FILLER_13_220,VSS,Metal1,130.6600,70.2110,0.000453
FILLER_13_212,VSS,Metal1,127.1730,70.0980,0.000453
FILLER_13_209,VSS,Metal1,124.0400,70.5600,0.000453
FILLER_13_207,VSS,Metal1,123.2000,70.5600,0.000453
FILLER_13_200,VSS,Metal1,119.2800,70.5600,0.000450
FILLER_13_196,VSS,Metal1,117.2200,70.2110,0.000450
FILLER_13_182,VSS,Metal1,109.2000,70.5600,0.000449
FILLER_13_174,VSS,Metal1,105.8930,70.0980,0.000449
FILLER_13_142,VSS,Metal1,94.5240,69.9620,0.000444
FILLER_13_139,VSS,Metal1,84.8400,70.5600,0.000425
FILLER_13_137,VSS,Metal1,84.0000,70.5600,0.000411
FILLER_13_129,VSS,Metal1,80.6930,70.0980,0.000411
FILLER_13_74,VSS,Metal1,48.4400,70.5600,0.000396
FILLER_13_72,VSS,Metal1,47.6000,70.5600,0.000396
FILLER_13_62,VSS,Metal1,43.1730,70.0980,0.000369
FILLER_13_30,VSS,Metal1,31.8040,69.9620,0.000363
FILLER_12_247,VSS,Metal1,145.7800,63.0685,0.000113
FILLER_12_225,VSS,Metal1,133.4600,63.0685,0.000113
FILLER_12_209,VSS,Metal1,127.6320,63.2680,0.000113
FILLER_12_177,VSS,Metal1,114.1240,63.3175,0.000113
FILLER_12_173,VSS,Metal1,104.1600,62.7200,0.000112
FILLER_12_169,VSS,Metal1,102.1000,63.0685,0.000112
FILLER_12_161,VSS,Metal1,98.6130,63.1815,0.000112
FILLER_12_129,VSS,Metal1,87.2440,63.3175,0.000112
FILLER_12_111,VSS,Metal1,69.4400,62.7200,0.000105
FILLER_12_107,VSS,Metal1,67.3800,63.0685,0.000105
FILLER_12_97,VSS,Metal1,62.7730,63.1815,0.000101
FILLER_12_81,VSS,Metal1,52.8200,63.0685,0.000099
FILLER_12_73,VSS,Metal1,49.3330,63.1815,0.000099
FILLER_12_59,VSS,Metal1,40.0400,62.7200,0.000092
FILLER_12_57,VSS,Metal1,39.2000,62.7200,0.000092
FILLER_12_53,VSS,Metal1,37.1400,63.0685,0.000090
FILLER_12_37,VSS,Metal1,31.3120,63.2680,0.000089
FILLER_12_34,VSS,Metal1,26.0400,62.7200,0.000088
FILLER_12_29,VSS,Metal1,23.2400,62.7200,0.000089
FILLER_12_27,VSS,Metal1,22.4000,62.7200,0.000089
FILLER_12_19,VSS,Metal1,19.0930,63.1815,0.000089
FILLER_12_6,VSS,Metal1,10.3600,62.7200,0.000089
FILLER_12_2,VSS,Metal1,8.5800,63.0685,0.000089
FILLER_11_219,VSS,Metal1,130.1000,62.3710,0.000113
FILLER_11_200,VSS,Metal1,119.0000,62.7200,0.000113
FILLER_11_192,VSS,Metal1,115.9730,62.2580,0.000113
FILLER_11_182,VSS,Metal1,109.3800,62.3710,0.000113
FILLER_11_142,VSS,Metal1,86.9800,62.3710,0.000112
FILLER_11_139,VSS,Metal1,84.8400,62.7200,0.000112
FILLER_11_137,VSS,Metal1,84.0000,62.7200,0.000112
FILLER_11_133,VSS,Metal1,81.9400,62.3710,0.000112
FILLER_11_117,VSS,Metal1,76.1120,62.1720,0.000112
FILLER_11_111,VSS,Metal1,69.1600,62.7200,0.000105
FILLER_11_107,VSS,Metal1,67.3800,62.3710,0.000105
FILLER_11_99,VSS,Metal1,63.8930,62.2580,0.000102
FILLER_11_88,VSS,Metal1,56.5600,62.7200,0.000100
FILLER_11_72,VSS,Metal1,50.9120,62.1720,0.000099
FILLER_11_69,VSS,Metal1,45.6400,62.7200,0.000096
FILLER_11_67,VSS,Metal1,44.8000,62.7200,0.000096
FILLER_11_63,VSS,Metal1,42.7400,62.3710,0.000096
FILLER_11_55,VSS,Metal1,39.2530,62.2580,0.000092
FILLER_11_23,VSS,Metal1,27.8840,62.1220,0.000089
FILLER_11_10,VSS,Metal1,12.6000,62.7200,0.000089
FILLER_11_2,VSS,Metal1,9.5730,62.2580,0.000089
FILLER_10_217,VSS,Metal1,128.9800,55.2285,0.000126
FILLER_10_209,VSS,Metal1,125.4930,55.3415,0.000126
FILLER_10_195,VSS,Metal1,116.4800,54.8800,0.000125
FILLER_10_191,VSS,Metal1,114.4200,55.2285,0.000125
FILLER_10_183,VSS,Metal1,110.9330,55.3415,0.000125
FILLER_10_174,VSS,Metal1,104.4400,54.8800,0.000125
FILLER_10_170,VSS,Metal1,102.6600,55.2285,0.000125
FILLER_10_154,VSS,Metal1,96.8320,55.4280,0.000125
FILLER_10_119,VSS,Metal1,73.6400,54.8800,0.000125
FILLER_10_115,VSS,Metal1,71.8600,55.2285,0.000122
FILLER_10_107,VSS,Metal1,68.3730,55.3415,0.000120
FILLER_10_103,VSS,Metal1,64.9600,54.8800,0.000115
FILLER_10_99,VSS,Metal1,62.9000,55.2285,0.000115
FILLER_10_82,VSS,Metal1,52.9200,54.8800,0.000115
FILLER_10_77,VSS,Metal1,50.1200,54.8800,0.000115
FILLER_10_61,VSS,Metal1,44.7520,55.4280,0.000114
FILLER_10_37,VSS,Metal1,27.7200,54.8800,0.000107
FILLER_10_34,VSS,Metal1,26.0400,54.8800,0.000107
FILLER_10_32,VSS,Metal1,25.2000,54.8800,0.000107
FILLER_10_16,VSS,Metal1,19.5520,55.4280,0.000107
FILLER_10_2,VSS,Metal1,9.5730,55.3415,0.000107
FILLER_9_222,VSS,Metal1,131.3200,54.8800,0.000126
FILLER_9_220,VSS,Metal1,130.4800,54.8800,0.000126
FILLER_9_212,VSS,Metal1,127.1730,54.4180,0.000126
FILLER_9_206,VSS,Metal1,122.8200,54.5310,0.000126
FILLER_9_142,VSS,Metal1,103.4445,54.2420,0.000125
FILLER_9_139,VSS,Metal1,84.8400,54.8800,0.000125
FILLER_9_135,VSS,Metal1,83.0600,54.5310,0.000125
FILLER_9_119,VSS,Metal1,77.2320,54.3320,0.000125
FILLER_9_104,VSS,Metal1,65.5200,54.8800,0.000115
FILLER_9_72,VSS,Metal1,55.3240,54.2820,0.000115
FILLER_9_69,VSS,Metal1,45.6400,54.8800,0.000114
FILLER_9_61,VSS,Metal1,42.6130,54.4180,0.000114
FILLER_9_54,VSS,Metal1,37.2400,54.8800,0.000109
FILLER_9_38,VSS,Metal1,31.8720,54.3320,0.000109
FILLER_9_2,VSS,Metal1,8.4000,54.8800,0.000107
FILLER_8_247,VSS,Metal1,145.7800,47.3885,0.000653
FILLER_8_210,VSS,Metal1,124.6000,47.0400,0.000645
FILLER_8_197,VSS,Metal1,117.7800,47.3885,0.000634
FILLER_8_190,VSS,Metal1,113.6800,47.0400,0.000601
FILLER_8_103,VSS,Metal1,64.9600,47.0400,0.000429
FILLER_8_87,VSS,Metal1,59.3120,47.5880,0.000429
FILLER_8_37,VSS,Metal1,31.3120,47.5880,0.000411
FILLER_8_34,VSS,Metal1,26.0400,47.0400,0.000410
FILLER_8_2,VSS,Metal1,16.1240,47.6375,0.000411
FILLER_7_218,VSS,Metal1,129.0800,47.0400,0.000652
FILLER_7_216,VSS,Metal1,128.2400,47.0400,0.000652
FILLER_7_212,VSS,Metal1,126.1800,46.6910,0.000652
FILLER_7_194,VSS,Metal1,115.9200,47.0400,0.000601
FILLER_7_190,VSS,Metal1,113.8600,46.6910,0.000600
FILLER_7_182,VSS,Metal1,110.3730,46.5780,0.000597
FILLER_7_158,VSS,Metal1,99.0720,46.4920,0.000582
FILLER_7_132,VSS,Metal1,82.3730,46.5780,0.000559
FILLER_7_109,VSS,Metal1,68.0400,47.0400,0.000559
FILLER_7_93,VSS,Metal1,62.6720,46.4920,0.000429
FILLER_7_84,VSS,Metal1,54.0400,47.0400,0.000414
FILLER_7_80,VSS,Metal1,52.2600,46.6910,0.000414
FILLER_7_72,VSS,Metal1,48.7730,46.5780,0.000414
FILLER_7_69,VSS,Metal1,45.6400,47.0400,0.000414
FILLER_7_65,VSS,Metal1,43.8600,46.6910,0.000413
FILLER_7_33,VSS,Metal1,33.4840,46.4420,0.000411
FILLER_7_24,VSS,Metal1,20.4400,47.0400,0.000411
FILLER_7_22,VSS,Metal1,19.6000,47.0400,0.000411
FILLER_7_18,VSS,Metal1,17.5400,46.6910,0.000411
FILLER_7_2,VSS,Metal1,11.7120,46.4920,0.000411
FILLER_6_247,VSS,Metal1,145.7800,39.5485,0.000329
FILLER_6_225,VSS,Metal1,133.4600,39.5485,0.000329
FILLER_6_209,VSS,Metal1,127.6320,39.7480,0.000329
FILLER_6_177,VSS,Metal1,114.1240,39.7975,0.000314
FILLER_6_167,VSS,Metal1,101.9730,39.6615,0.000314
FILLER_6_151,VSS,Metal1,95.1520,39.7480,0.000308
FILLER_6_143,VSS,Metal1,87.3600,39.2000,0.000279
FILLER_6_139,VSS,Metal1,85.3000,39.5485,0.000278
FILLER_6_107,VSS,Metal1,74.9240,39.7975,0.000270
FILLER_6_104,VSS,Metal1,65.2400,39.2000,0.000269
FILLER_6_102,VSS,Metal1,64.4000,39.2000,0.000269
FILLER_6_98,VSS,Metal1,62.3400,39.5485,0.000269
FILLER_6_86,VSS,Metal1,55.6200,39.5485,0.000262
FILLER_6_78,VSS,Metal1,52.1330,39.6615,0.000252
FILLER_6_62,VSS,Metal1,45.3120,39.7480,0.000246
FILLER_6_53,VSS,Metal1,36.6800,39.2000,0.000244
FILLER_6_45,VSS,Metal1,32.4800,39.2000,0.000244
FILLER_6_24,VSS,Metal1,20.4400,39.2000,0.000238
FILLER_6_22,VSS,Metal1,19.6000,39.2000,0.000238
FILLER_6_14,VSS,Metal1,16.2930,39.6615,0.000238
FILLER_6_6,VSS,Metal1,10.6400,39.2000,0.000238
FILLER_6_2,VSS,Metal1,8.5800,39.5485,0.000238
FILLER_5_250,VSS,Metal1,147.0000,39.2000,0.000329
FILLER_5_246,VSS,Metal1,145.2200,38.8510,0.000329
FILLER_5_186,VSS,Metal1,114.7520,38.6520,0.000314
FILLER_5_170,VSS,Metal1,102.2000,39.2000,0.000314
FILLER_5_166,VSS,Metal1,100.4200,38.8510,0.000314
FILLER_5_158,VSS,Metal1,96.9330,38.7380,0.000308
FILLER_5_153,VSS,Metal1,92.6800,39.2000,0.000308
FILLER_5_144,VSS,Metal1,87.6400,39.2000,0.000279
FILLER_5_142,VSS,Metal1,86.8000,39.2000,0.000279
FILLER_5_139,VSS,Metal1,84.8400,39.2000,0.000278
FILLER_5_137,VSS,Metal1,84.0000,39.2000,0.000270
FILLER_5_121,VSS,Metal1,78.3520,38.6520,0.000270
FILLER_5_86,VSS,Metal1,55.1600,39.2000,0.000262
FILLER_5_84,VSS,Metal1,54.3200,39.2000,0.000252
FILLER_5_80,VSS,Metal1,52.2600,38.8510,0.000252
FILLER_5_72,VSS,Metal1,48.7730,38.7380,0.000247
FILLER_5_68,VSS,Metal1,45.3600,39.2000,0.000246
FILLER_5_36,VSS,Metal1,35.1640,38.6020,0.000244
FILLER_4_247,VSS,Metal1,145.7800,31.7085,0.000193
FILLER_4_227,VSS,Metal1,134.4000,31.3600,0.000191
FILLER_4_211,VSS,Metal1,128.7520,31.9080,0.000191
FILLER_4_201,VSS,Metal1,119.8400,31.3600,0.000191
FILLER_4_193,VSS,Metal1,116.5330,31.8215,0.000190
FILLER_4_177,VSS,Metal1,109.7120,31.9080,0.000190
FILLER_4_174,VSS,Metal1,104.4400,31.3600,0.000190
FILLER_4_162,VSS,Metal1,98.1800,31.7085,0.000181
FILLER_4_154,VSS,Metal1,94.6930,31.8215,0.000181
FILLER_4_117,VSS,Metal1,72.5200,31.3600,0.000162
FILLER_4_115,VSS,Metal1,71.6800,31.3600,0.000161
FILLER_4_107,VSS,Metal1,68.3730,31.8215,0.000161
FILLER_4_104,VSS,Metal1,65.2400,31.3600,0.000161
FILLER_4_102,VSS,Metal1,64.4000,31.3600,0.000155
FILLER_4_98,VSS,Metal1,62.3400,31.7085,0.000154
FILLER_4_90,VSS,Metal1,58.8530,31.8215,0.000154
FILLER_4_55,VSS,Metal1,37.8000,31.3600,0.000153
FILLER_4_53,VSS,Metal1,36.9600,31.3600,0.000153
FILLER_4_37,VSS,Metal1,31.3120,31.9080,0.000153
FILLER_4_34,VSS,Metal1,26.0400,31.3600,0.000153
FILLER_4_2,VSS,Metal1,16.1240,31.9575,0.000153
FILLER_3_234,VSS,Metal1,138.0400,31.3600,0.000193
FILLER_3_232,VSS,Metal1,137.2000,31.3600,0.000193
FILLER_3_228,VSS,Metal1,135.1400,31.0110,0.000192
FILLER_3_212,VSS,Metal1,129.3120,30.8120,0.000191
FILLER_3_209,VSS,Metal1,124.0400,31.3600,0.000191
FILLER_3_201,VSS,Metal1,121.0130,30.8980,0.000191
FILLER_3_166,VSS,Metal1,99.9600,31.3600,0.000181
FILLER_3_158,VSS,Metal1,96.9330,30.8980,0.000181
FILLER_3_142,VSS,Metal1,90.1120,30.8120,0.000181
FILLER_3_128,VSS,Metal1,79.1400,31.0110,0.000181
FILLER_3_120,VSS,Metal1,75.6530,30.8980,0.000181
FILLER_3_104,VSS,Metal1,68.8320,30.8120,0.000161
FILLER_3_72,VSS,Metal1,55.3240,30.7620,0.000154
FILLER_3_69,VSS,Metal1,45.6400,31.3600,0.000154
FILLER_3_67,VSS,Metal1,44.8000,31.3600,0.000154
FILLER_3_63,VSS,Metal1,42.7400,31.0110,0.000154
FILLER_3_28,VSS,Metal1,22.6800,31.3600,0.000153
FILLER_3_26,VSS,Metal1,21.8400,31.3600,0.000153
FILLER_3_18,VSS,Metal1,18.5330,30.8980,0.000153
FILLER_3_2,VSS,Metal1,11.7120,30.8120,0.000153
FILLER_2_247,VSS,Metal1,145.7800,23.8685,0.000002
FILLER_2_225,VSS,Metal1,133.4600,23.8685,0.000002
FILLER_2_209,VSS,Metal1,127.6320,24.0680,0.000002
FILLER_2_177,VSS,Metal1,114.1240,24.1175,0.000002
FILLER_2_171,VSS,Metal1,103.2200,23.8685,0.000002
FILLER_2_107,VSS,Metal1,83.8445,24.1575,0.000002
FILLER_2_101,VSS,Metal1,64.0200,23.8685,0.000002
FILLER_2_37,VSS,Metal1,44.6445,24.1575,0.000002
FILLER_2_34,VSS,Metal1,26.0400,23.5200,0.000002
FILLER_2_2,VSS,Metal1,16.1240,24.1175,0.000002
FILLER_1_250,VSS,Metal1,147.0000,23.5200,0.000002
FILLER_1_248,VSS,Metal1,146.1600,23.5200,0.000002
FILLER_1_244,VSS,Metal1,144.1000,23.1710,0.000002
FILLER_1_212,VSS,Metal1,133.7240,22.9220,0.000002
FILLER_1_206,VSS,Metal1,122.8200,23.1710,0.000002
FILLER_1_142,VSS,Metal1,103.4445,22.8820,0.000002
FILLER_1_136,VSS,Metal1,83.6200,23.1710,0.000002
FILLER_1_72,VSS,Metal1,64.2445,22.8820,0.000002
FILLER_1_66,VSS,Metal1,44.4200,23.1710,0.000002
FILLER_1_2,VSS,Metal1,25.0445,22.8820,0.000002
FILLER_0_250,VSS,Metal1,147.0000,15.6800,0.000006
FILLER_0_248,VSS,Metal1,146.1600,15.6800,0.000006
FILLER_0_240,VSS,Metal1,142.8530,16.1415,0.000006
FILLER_0_206,VSS,Metal1,130.3640,16.2775,0.000006
FILLER_0_172,VSS,Metal1,111.3240,16.2775,0.000006
FILLER_0_169,VSS,Metal1,101.6400,15.6800,0.000006
FILLER_0_167,VSS,Metal1,100.8000,15.6800,0.000006
FILLER_0_163,VSS,Metal1,98.7400,16.0285,0.000006
FILLER_0_155,VSS,Metal1,95.2530,16.1415,0.000006
FILLER_0_138,VSS,Metal1,84.2800,15.6800,0.000006
FILLER_0_104,VSS,Metal1,73.2440,16.2775,0.000006
FILLER_0_70,VSS,Metal1,49.7920,16.2280,0.000005
FILLER_0_36,VSS,Metal1,35.1640,16.2775,0.000005
FILLER_0_2,VSS,Metal1,16.1240,16.2775,0.000005
clkload2,VSS,Metal1,95.5600,78.8575,0.000278
clkload1,VSS,Metal1,54.1200,102.3775,0.000348
clkload0,VSS,Metal1,52.8400,71.0175,0.000407
clkbuf_2_3__f_clk_i,VSS,Metal1,103.4535,109.1615,0.000316
clkbuf_2_2__f_clk_i,VSS,Metal1,107.9335,85.6415,0.000619
clkbuf_2_1__f_clk_i,VSS,Metal1,66.4935,101.3215,0.000352
clkbuf_2_0__f_clk_i,VSS,Metal1,63.9860,69.9615,0.000407
clkbuf_0_clk_i,VSS,Metal1,83.2935,86.8380,0.000613
fanout44,VSS,Metal1,139.5630,39.5205,0.000329
fanout43,VSS,Metal1,139.5630,31.6805,0.000193
fanout42,VSS,Metal1,109.8830,93.7590,0.000066
fanout41,VSS,Metal1,90.8430,46.7190,0.000582
fanout40,VSS,Metal1,119.9630,132.9590,0.000097
fanout39,VSS,Metal1,132.0365,93.7590,0.000067
fanout38,VSS,Metal1,53.3230,140.7990,0.000194
fanout37,VSS,Metal1,76.0365,46.7190,0.000559
output36,VSS,Metal1,142.6765,62.3990,0.000113
output35,VSS,Metal1,139.3165,110.0805,0.000316
output34,VSS,Metal1,142.6765,132.9590,0.000097
output33,VSS,Metal1,139.3165,125.7605,0.000106
output32,VSS,Metal1,107.6430,156.4790,0.000013
output31,VSS,Metal1,110.4430,149.2805,0.000064
output30,VSS,Metal1,121.6430,149.2805,0.000066
output29,VSS,Metal1,135.6430,156.4790,0.000013
output28,VSS,Metal1,139.3165,149.2805,0.000068
output27,VSS,Metal1,139.3165,63.0405,0.000113
output26,VSS,Metal1,142.6765,54.5590,0.000126
output25,VSS,Metal1,142.6765,70.2390,0.000453
output24,VSS,Metal1,142.6765,46.7190,0.000653
input23,VSS,Metal1,139.5630,55.2005,0.000126
input22,VSS,Metal1,89.1630,16.0005,0.000006
input21,VSS,Metal1,139.3165,23.8405,0.000002
input20,VSS,Metal1,133.9630,46.7190,0.000652
input19,VSS,Metal1,142.9230,31.0390,0.000193
input18,VSS,Metal1,12.1965,110.0805,0.000248
input17,VSS,Metal1,78.5230,156.4790,0.000012
input16,VSS,Metal1,142.9230,93.7590,0.000067
input15,VSS,Metal1,12.1965,85.9190,0.000512
input14,VSS,Metal1,12.1965,78.7205,0.000186
input13,VSS,Metal1,12.1965,78.0790,0.000186
input12,VSS,Metal1,59.4830,16.0005,0.000006
input11,VSS,Metal1,12.1965,94.4005,0.000052
input10,VSS,Metal1,12.1965,70.8805,0.000363
input9,VSS,Metal1,12.1965,86.5605,0.000512
input8,VSS,Metal1,12.1965,102.2405,0.000304
input7,VSS,Metal1,21.1565,109.4390,0.000248
input6,VSS,Metal1,12.1965,101.5990,0.000304
input5,VSS,Metal1,12.1965,93.7590,0.000052
input4,VSS,Metal1,12.1965,109.4390,0.000248
input3,VSS,Metal1,12.1965,70.2390,0.000363
input2,VSS,Metal1,142.9230,117.2790,0.000093
input1,VSS,Metal1,142.9230,109.4390,0.000316
TAP_TAPCELL_ROW_35_204,VSS,Metal1,140.5600,156.3305,0.000013
TAP_TAPCELL_ROW_35_203,VSS,Metal1,121.5200,156.3305,0.000013
TAP_TAPCELL_ROW_35_202,VSS,Metal1,102.4800,156.3305,0.000013
TAP_TAPCELL_ROW_35_201,VSS,Metal1,83.4400,156.3305,0.000012
TAP_TAPCELL_ROW_35_200,VSS,Metal1,64.4000,156.3305,0.000010
TAP_TAPCELL_ROW_35_199,VSS,Metal1,45.3600,156.3305,0.000009
TAP_TAPCELL_ROW_35_198,VSS,Metal1,26.3200,156.3305,0.000008
TAP_TAPCELL_ROW_34_197,VSS,Metal1,144.4800,149.4290,0.000068
TAP_TAPCELL_ROW_34_196,VSS,Metal1,105.2800,149.4290,0.000064
TAP_TAPCELL_ROW_34_195,VSS,Metal1,66.0800,149.4290,0.000059
TAP_TAPCELL_ROW_34_194,VSS,Metal1,26.8800,149.4290,0.000059
TAP_TAPCELL_ROW_33_193,VSS,Metal1,124.8800,148.4905,0.000066
TAP_TAPCELL_ROW_33_192,VSS,Metal1,85.6800,148.4905,0.000063
TAP_TAPCELL_ROW_33_191,VSS,Metal1,46.4800,148.4905,0.000059
TAP_TAPCELL_ROW_32_190,VSS,Metal1,144.4800,141.5890,0.000205
TAP_TAPCELL_ROW_32_189,VSS,Metal1,105.2800,141.5890,0.000201
TAP_TAPCELL_ROW_32_188,VSS,Metal1,66.0800,141.5890,0.000195
TAP_TAPCELL_ROW_32_187,VSS,Metal1,26.8800,141.5890,0.000183
TAP_TAPCELL_ROW_31_186,VSS,Metal1,124.8800,140.6505,0.000205
TAP_TAPCELL_ROW_31_185,VSS,Metal1,85.6800,140.6505,0.000201
TAP_TAPCELL_ROW_31_184,VSS,Metal1,46.4800,140.6505,0.000194
TAP_TAPCELL_ROW_30_183,VSS,Metal1,144.4800,133.7490,0.000097
TAP_TAPCELL_ROW_30_182,VSS,Metal1,105.2800,133.7490,0.000097
TAP_TAPCELL_ROW_30_181,VSS,Metal1,66.0800,133.7490,0.000097
TAP_TAPCELL_ROW_30_180,VSS,Metal1,26.8800,133.7490,0.000085
TAP_TAPCELL_ROW_29_179,VSS,Metal1,124.8800,132.8105,0.000097
TAP_TAPCELL_ROW_29_178,VSS,Metal1,85.6800,132.8105,0.000097
TAP_TAPCELL_ROW_29_177,VSS,Metal1,46.4800,132.8105,0.000094
TAP_TAPCELL_ROW_28_176,VSS,Metal1,144.4800,125.9090,0.000106
TAP_TAPCELL_ROW_28_175,VSS,Metal1,105.2800,125.9090,0.000102
TAP_TAPCELL_ROW_28_174,VSS,Metal1,66.0800,125.9090,0.000095
TAP_TAPCELL_ROW_28_173,VSS,Metal1,26.8800,125.9090,0.000078
TAP_TAPCELL_ROW_27_172,VSS,Metal1,124.8800,124.9705,0.000106
TAP_TAPCELL_ROW_27_171,VSS,Metal1,85.6800,124.9705,0.000100
TAP_TAPCELL_ROW_27_170,VSS,Metal1,46.4800,124.9705,0.000088
TAP_TAPCELL_ROW_26_169,VSS,Metal1,144.4800,118.0690,0.000093
TAP_TAPCELL_ROW_26_168,VSS,Metal1,105.2800,118.0690,0.000089
TAP_TAPCELL_ROW_26_167,VSS,Metal1,66.0800,118.0690,0.000087
TAP_TAPCELL_ROW_26_166,VSS,Metal1,26.8800,118.0690,0.000083
TAP_TAPCELL_ROW_25_165,VSS,Metal1,124.8800,117.1305,0.000092
TAP_TAPCELL_ROW_25_164,VSS,Metal1,85.6800,117.1305,0.000088
TAP_TAPCELL_ROW_25_163,VSS,Metal1,46.4800,117.1305,0.000085
TAP_TAPCELL_ROW_24_162,VSS,Metal1,144.4800,110.2290,0.000316
TAP_TAPCELL_ROW_24_161,VSS,Metal1,105.2800,110.2290,0.000316
TAP_TAPCELL_ROW_24_160,VSS,Metal1,66.0800,110.2290,0.000300
TAP_TAPCELL_ROW_24_159,VSS,Metal1,26.8800,110.2290,0.000247
TAP_TAPCELL_ROW_23_158,VSS,Metal1,124.8800,109.2905,0.000316
TAP_TAPCELL_ROW_23_157,VSS,Metal1,85.6800,109.2905,0.000314
TAP_TAPCELL_ROW_23_156,VSS,Metal1,46.4800,109.2905,0.000270
TAP_TAPCELL_ROW_22_155,VSS,Metal1,144.4800,102.3890,0.000384
TAP_TAPCELL_ROW_22_154,VSS,Metal1,105.2800,102.3890,0.000372
TAP_TAPCELL_ROW_22_153,VSS,Metal1,66.0800,102.3890,0.000352
TAP_TAPCELL_ROW_22_152,VSS,Metal1,26.8800,102.3890,0.000303
TAP_TAPCELL_ROW_21_151,VSS,Metal1,124.8800,101.4505,0.000384
TAP_TAPCELL_ROW_21_150,VSS,Metal1,85.6800,101.4505,0.000353
TAP_TAPCELL_ROW_21_149,VSS,Metal1,46.4800,101.4505,0.000326
TAP_TAPCELL_ROW_20_148,VSS,Metal1,144.4800,94.5490,0.000067
TAP_TAPCELL_ROW_20_147,VSS,Metal1,105.2800,94.5490,0.000066
TAP_TAPCELL_ROW_20_146,VSS,Metal1,66.0800,94.5490,0.000062
TAP_TAPCELL_ROW_20_145,VSS,Metal1,26.8800,94.5490,0.000053
TAP_TAPCELL_ROW_19_144,VSS,Metal1,124.8800,93.6105,0.000067
TAP_TAPCELL_ROW_19_143,VSS,Metal1,85.6800,93.6105,0.000065
TAP_TAPCELL_ROW_19_142,VSS,Metal1,46.4800,93.6105,0.000058
TAP_TAPCELL_ROW_18_141,VSS,Metal1,144.4800,86.7090,0.000621
TAP_TAPCELL_ROW_18_140,VSS,Metal1,105.2800,86.7090,0.000619
TAP_TAPCELL_ROW_18_139,VSS,Metal1,66.0800,86.7090,0.000563
TAP_TAPCELL_ROW_18_138,VSS,Metal1,26.8800,86.7090,0.000511
TAP_TAPCELL_ROW_17_137,VSS,Metal1,124.8800,85.7705,0.000620
TAP_TAPCELL_ROW_17_136,VSS,Metal1,85.6800,85.7705,0.000613
TAP_TAPCELL_ROW_17_135,VSS,Metal1,46.4800,85.7705,0.000534
TAP_TAPCELL_ROW_16_134,VSS,Metal1,144.4800,78.8690,0.000294
TAP_TAPCELL_ROW_16_133,VSS,Metal1,105.2800,78.8690,0.000282
TAP_TAPCELL_ROW_16_132,VSS,Metal1,66.0800,78.8690,0.000257
TAP_TAPCELL_ROW_16_131,VSS,Metal1,26.8800,78.8690,0.000200
TAP_TAPCELL_ROW_15_130,VSS,Metal1,124.8800,77.9305,0.000294
TAP_TAPCELL_ROW_15_129,VSS,Metal1,85.6800,77.9305,0.000275
TAP_TAPCELL_ROW_15_128,VSS,Metal1,46.4800,77.9305,0.000219
TAP_TAPCELL_ROW_14_127,VSS,Metal1,144.4800,71.0290,0.000453
TAP_TAPCELL_ROW_14_126,VSS,Metal1,105.2800,71.0290,0.000449
TAP_TAPCELL_ROW_14_125,VSS,Metal1,66.0800,71.0290,0.000407
TAP_TAPCELL_ROW_14_124,VSS,Metal1,26.8800,71.0290,0.000362
TAP_TAPCELL_ROW_13_123,VSS,Metal1,124.8800,70.0905,0.000453
TAP_TAPCELL_ROW_13_122,VSS,Metal1,85.6800,70.0905,0.000425
TAP_TAPCELL_ROW_13_121,VSS,Metal1,46.4800,70.0905,0.000394
TAP_TAPCELL_ROW_12_120,VSS,Metal1,144.4800,63.1890,0.000113
TAP_TAPCELL_ROW_12_119,VSS,Metal1,105.2800,63.1890,0.000112
TAP_TAPCELL_ROW_12_118,VSS,Metal1,66.0800,63.1890,0.000103
TAP_TAPCELL_ROW_12_117,VSS,Metal1,26.8800,63.1890,0.000089
TAP_TAPCELL_ROW_11_116,VSS,Metal1,124.8800,62.2505,0.000113
TAP_TAPCELL_ROW_11_115,VSS,Metal1,85.6800,62.2505,0.000112
TAP_TAPCELL_ROW_11_114,VSS,Metal1,46.4800,62.2505,0.000098
TAP_TAPCELL_ROW_10_113,VSS,Metal1,144.4800,55.3490,0.000126
TAP_TAPCELL_ROW_10_112,VSS,Metal1,105.2800,55.3490,0.000125
TAP_TAPCELL_ROW_10_111,VSS,Metal1,66.0800,55.3490,0.000119
TAP_TAPCELL_ROW_10_110,VSS,Metal1,26.8800,55.3490,0.000107
TAP_TAPCELL_ROW_9_109,VSS,Metal1,124.8800,54.4105,0.000126
TAP_TAPCELL_ROW_9_108,VSS,Metal1,85.6800,54.4105,0.000125
TAP_TAPCELL_ROW_9_107,VSS,Metal1,46.4800,54.4105,0.000115
TAP_TAPCELL_ROW_8_106,VSS,Metal1,144.4800,47.5090,0.000653
TAP_TAPCELL_ROW_8_105,VSS,Metal1,105.2800,47.5090,0.000595
TAP_TAPCELL_ROW_8_104,VSS,Metal1,66.0800,47.5090,0.000524
TAP_TAPCELL_ROW_8_103,VSS,Metal1,26.8800,47.5090,0.000411
TAP_TAPCELL_ROW_7_102,VSS,Metal1,124.8800,46.5705,0.000649
TAP_TAPCELL_ROW_7_101,VSS,Metal1,85.6800,46.5705,0.000571
TAP_TAPCELL_ROW_7_100,VSS,Metal1,46.4800,46.5705,0.000414
TAP_TAPCELL_ROW_6_99,VSS,Metal1,144.4800,39.6690,0.000329
TAP_TAPCELL_ROW_6_98,VSS,Metal1,105.2800,39.6690,0.000314
TAP_TAPCELL_ROW_6_97,VSS,Metal1,66.0800,39.6690,0.000270
TAP_TAPCELL_ROW_6_96,VSS,Metal1,26.8800,39.6690,0.000243
TAP_TAPCELL_ROW_5_95,VSS,Metal1,124.8800,38.7305,0.000329
TAP_TAPCELL_ROW_5_94,VSS,Metal1,85.6800,38.7305,0.000278
TAP_TAPCELL_ROW_5_93,VSS,Metal1,46.4800,38.7305,0.000247
TAP_TAPCELL_ROW_4_92,VSS,Metal1,144.4800,31.8290,0.000193
TAP_TAPCELL_ROW_4_91,VSS,Metal1,105.2800,31.8290,0.000190
TAP_TAPCELL_ROW_4_90,VSS,Metal1,66.0800,31.8290,0.000161
TAP_TAPCELL_ROW_4_89,VSS,Metal1,26.8800,31.8290,0.000153
TAP_TAPCELL_ROW_3_88,VSS,Metal1,124.8800,30.8905,0.000191
TAP_TAPCELL_ROW_3_87,VSS,Metal1,85.6800,30.8905,0.000181
TAP_TAPCELL_ROW_3_86,VSS,Metal1,46.4800,30.8905,0.000154
TAP_TAPCELL_ROW_2_85,VSS,Metal1,144.4800,23.9890,0.000002
TAP_TAPCELL_ROW_2_84,VSS,Metal1,105.2800,23.9890,0.000002
TAP_TAPCELL_ROW_2_83,VSS,Metal1,66.0800,23.9890,0.000002
TAP_TAPCELL_ROW_2_82,VSS,Metal1,26.8800,23.9890,0.000002
TAP_TAPCELL_ROW_1_81,VSS,Metal1,124.8800,23.0505,0.000002
TAP_TAPCELL_ROW_1_80,VSS,Metal1,85.6800,23.0505,0.000002
TAP_TAPCELL_ROW_1_79,VSS,Metal1,46.4800,23.0505,0.000002
TAP_TAPCELL_ROW_0_78,VSS,Metal1,140.5600,16.1490,0.000006
TAP_TAPCELL_ROW_0_77,VSS,Metal1,121.5200,16.1490,0.000006
TAP_TAPCELL_ROW_0_76,VSS,Metal1,102.4800,16.1490,0.000006
TAP_TAPCELL_ROW_0_75,VSS,Metal1,83.4400,16.1490,0.000006
TAP_TAPCELL_ROW_0_74,VSS,Metal1,64.4000,16.1490,0.000006
TAP_TAPCELL_ROW_0_73,VSS,Metal1,45.3600,16.1490,0.000005
TAP_TAPCELL_ROW_0_72,VSS,Metal1,26.3200,16.1490,0.000005
PHY_EDGE_ROW_35_Left_71,VSS,Metal1,7.2730,156.3300,0.000008
PHY_EDGE_ROW_34_Left_70,VSS,Metal1,7.2730,149.4300,0.000059
PHY_EDGE_ROW_33_Left_69,VSS,Metal1,7.2730,148.4900,0.000059
PHY_EDGE_ROW_32_Left_68,VSS,Metal1,7.2730,141.5900,0.000169
PHY_EDGE_ROW_31_Left_67,VSS,Metal1,7.2730,140.6500,0.000169
PHY_EDGE_ROW_30_Left_66,VSS,Metal1,7.2730,133.7500,0.000082
PHY_EDGE_ROW_29_Left_65,VSS,Metal1,7.2730,132.8100,0.000082
PHY_EDGE_ROW_28_Left_64,VSS,Metal1,7.2730,125.9100,0.000078
PHY_EDGE_ROW_27_Left_63,VSS,Metal1,7.2730,124.9700,0.000078
PHY_EDGE_ROW_26_Left_62,VSS,Metal1,7.2730,118.0700,0.000082
PHY_EDGE_ROW_25_Left_61,VSS,Metal1,7.2730,117.1300,0.000082
PHY_EDGE_ROW_24_Left_60,VSS,Metal1,7.2730,110.2300,0.000248
PHY_EDGE_ROW_23_Left_59,VSS,Metal1,7.2730,109.2900,0.000248
PHY_EDGE_ROW_22_Left_58,VSS,Metal1,7.2730,102.3900,0.000304
PHY_EDGE_ROW_21_Left_57,VSS,Metal1,7.2730,101.4500,0.000304
PHY_EDGE_ROW_20_Left_56,VSS,Metal1,7.2730,94.5500,0.000052
PHY_EDGE_ROW_19_Left_55,VSS,Metal1,7.2730,93.6100,0.000052
PHY_EDGE_ROW_18_Left_54,VSS,Metal1,7.2730,86.7100,0.000512
PHY_EDGE_ROW_17_Left_53,VSS,Metal1,7.2730,85.7700,0.000512
PHY_EDGE_ROW_16_Left_52,VSS,Metal1,7.2730,78.8700,0.000186
PHY_EDGE_ROW_15_Left_51,VSS,Metal1,7.2730,77.9300,0.000186
PHY_EDGE_ROW_14_Left_50,VSS,Metal1,7.2730,71.0300,0.000363
PHY_EDGE_ROW_13_Left_49,VSS,Metal1,7.2730,70.0900,0.000363
PHY_EDGE_ROW_12_Left_48,VSS,Metal1,7.2730,63.1900,0.000089
PHY_EDGE_ROW_11_Left_47,VSS,Metal1,7.2730,62.2500,0.000089
PHY_EDGE_ROW_10_Left_46,VSS,Metal1,7.2730,55.3500,0.000107
PHY_EDGE_ROW_9_Left_45,VSS,Metal1,7.2730,54.4100,0.000107
PHY_EDGE_ROW_8_Left_44,VSS,Metal1,7.2730,47.5100,0.000411
PHY_EDGE_ROW_7_Left_43,VSS,Metal1,7.2730,46.5700,0.000411
PHY_EDGE_ROW_6_Left_42,VSS,Metal1,7.2730,39.6700,0.000238
PHY_EDGE_ROW_5_Left_41,VSS,Metal1,7.2730,38.7300,0.000238
PHY_EDGE_ROW_4_Left_40,VSS,Metal1,7.2730,31.8300,0.000153
PHY_EDGE_ROW_3_Left_39,VSS,Metal1,7.2730,30.8900,0.000153
PHY_EDGE_ROW_2_Left_38,VSS,Metal1,7.2730,23.9900,0.000002
PHY_EDGE_ROW_1_Left_37,VSS,Metal1,7.2730,23.0500,0.000002
PHY_EDGE_ROW_0_Left_36,VSS,Metal1,7.2730,16.1500,0.000005
PHY_EDGE_ROW_35_Right_35,VSS,Metal1,147.8465,156.3300,0.000013
PHY_EDGE_ROW_34_Right_34,VSS,Metal1,147.8465,149.4300,0.000068
PHY_EDGE_ROW_33_Right_33,VSS,Metal1,147.8465,148.4900,0.000068
PHY_EDGE_ROW_32_Right_32,VSS,Metal1,147.8465,141.5900,0.000205
PHY_EDGE_ROW_31_Right_31,VSS,Metal1,147.8465,140.6500,0.000205
PHY_EDGE_ROW_30_Right_30,VSS,Metal1,147.8465,133.7500,0.000097
PHY_EDGE_ROW_29_Right_29,VSS,Metal1,147.8465,132.8100,0.000097
PHY_EDGE_ROW_28_Right_28,VSS,Metal1,147.8465,125.9100,0.000106
PHY_EDGE_ROW_27_Right_27,VSS,Metal1,147.8465,124.9700,0.000106
PHY_EDGE_ROW_26_Right_26,VSS,Metal1,147.8465,118.0700,0.000093
PHY_EDGE_ROW_25_Right_25,VSS,Metal1,147.8465,117.1300,0.000093
PHY_EDGE_ROW_24_Right_24,VSS,Metal1,147.8465,110.2300,0.000316
PHY_EDGE_ROW_23_Right_23,VSS,Metal1,147.8465,109.2900,0.000316
PHY_EDGE_ROW_22_Right_22,VSS,Metal1,147.8465,102.3900,0.000384
PHY_EDGE_ROW_21_Right_21,VSS,Metal1,147.8465,101.4500,0.000384
PHY_EDGE_ROW_20_Right_20,VSS,Metal1,147.8465,94.5500,0.000067
PHY_EDGE_ROW_19_Right_19,VSS,Metal1,147.8465,93.6100,0.000067
PHY_EDGE_ROW_18_Right_18,VSS,Metal1,147.8465,86.7100,0.000621
PHY_EDGE_ROW_17_Right_17,VSS,Metal1,147.8465,85.7700,0.000621
PHY_EDGE_ROW_16_Right_16,VSS,Metal1,147.8465,78.8700,0.000294
PHY_EDGE_ROW_15_Right_15,VSS,Metal1,147.8465,77.9300,0.000294
PHY_EDGE_ROW_14_Right_14,VSS,Metal1,147.8465,71.0300,0.000453
PHY_EDGE_ROW_13_Right_13,VSS,Metal1,147.8465,70.0900,0.000453
PHY_EDGE_ROW_12_Right_12,VSS,Metal1,147.8465,63.1900,0.000113
PHY_EDGE_ROW_11_Right_11,VSS,Metal1,147.8465,62.2500,0.000113
PHY_EDGE_ROW_10_Right_10,VSS,Metal1,147.8465,55.3500,0.000126
PHY_EDGE_ROW_9_Right_9,VSS,Metal1,147.8465,54.4100,0.000126
PHY_EDGE_ROW_8_Right_8,VSS,Metal1,147.8465,47.5100,0.000653
PHY_EDGE_ROW_7_Right_7,VSS,Metal1,147.8465,46.5700,0.000653
PHY_EDGE_ROW_6_Right_6,VSS,Metal1,147.8465,39.6700,0.000329
PHY_EDGE_ROW_5_Right_5,VSS,Metal1,147.8465,38.7300,0.000329
PHY_EDGE_ROW_4_Right_4,VSS,Metal1,147.8465,31.8300,0.000193
PHY_EDGE_ROW_3_Right_3,VSS,Metal1,147.8465,30.8900,0.000193
PHY_EDGE_ROW_2_Right_2,VSS,Metal1,147.8465,23.9900,0.000002
PHY_EDGE_ROW_1_Right_1,VSS,Metal1,147.8465,23.0500,0.000002
PHY_EDGE_ROW_0_Right_0,VSS,Metal1,147.8465,16.1500,0.000006
_398_,VSS,Metal1,133.3925,78.9425,0.000294
_397_,VSS,Metal1,98.1125,62.1770,0.000112
_396_,VSS,Metal1,82.4325,31.9025,0.000181
_395_,VSS,Metal1,95.3420,77.8545,0.000278
_394_,VSS,Metal1,18.0620,117.0545,0.000082
_393_,VSS,Metal1,16.9420,132.7345,0.000082
_392_,VSS,Metal1,33.1820,124.8945,0.000078
_391_,VSS,Metal1,34.3020,140.5745,0.000183
_390_,VSS,Metal1,52.7820,141.6650,0.000194
_389_,VSS,Metal1,69.8575,132.7345,0.000097
_388_,VSS,Metal1,72.9420,109.2145,0.000299
_387_,VSS,Metal1,82.4620,118.1450,0.000088
_386_,VSS,Metal1,83.0220,55.4250,0.000125
_385_,VSS,Metal1,75.7420,47.5850,0.000559
_384_,VSS,Metal1,65.3775,38.6545,0.000269
_383_,VSS,Metal1,45.5020,47.5850,0.000414
_382_,VSS,Metal1,47.1820,31.9050,0.000154
_381_,VSS,Metal1,32.0620,30.8145,0.000153
_380_,VSS,Metal1,18.0620,54.3345,0.000107
_379_,VSS,Metal1,16.9420,38.6545,0.000238
_378_,VSS,Metal1,133.9820,86.7850,0.000621
_377_,VSS,Metal1,99.8220,117.0545,0.000089
_376_,VSS,Metal1,86.3820,102.4650,0.000353
_375_,VSS,Metal1,95.3420,93.5345,0.000066
_374_,VSS,Metal1,133.3925,102.4625,0.000384
_373_,VSS,Metal1,136.7525,124.8970,0.000106
_372_,VSS,Metal1,122.7525,125.9825,0.000106
_371_,VSS,Metal1,96.4325,132.7370,0.000097
_370_,VSS,Metal1,91.9525,141.6625,0.000201
_369_,VSS,Metal1,107.0725,148.4170,0.000064
_368_,VSS,Metal1,121.6325,141.6625,0.000205
_367_,VSS,Metal1,136.7525,148.4170,0.000068
_366_,VSS,Metal1,134.5420,38.6545,0.000329
_365_,VSS,Metal1,109.3420,30.8145,0.000190
_364_,VSS,Metal1,94.7820,47.5850,0.000582
_363_,VSS,Metal1,133.9820,47.5850,0.000652
_362_,VSS,Metal1,128.6200,85.9325,0.000621
_361_,VSS,Metal1,126.6675,94.3560,0.000067
_360_,VSS,Metal1,120.7975,62.4000,0.000113
_359_,VSS,Metal1,98.1800,110.0675,0.000316
_358_,VSS,Metal1,100.4025,102.2400,0.000364
_357_,VSS,Metal1,93.6530,101.4805,0.000353
_356_,VSS,Metal1,97.5665,101.5650,0.000364
_355_,VSS,Metal1,111.8730,110.1150,0.000316
_354_,VSS,Metal1,108.4025,101.6435,0.000374
_353_,VSS,Metal1,99.8000,86.6655,0.000619
_352_,VSS,Metal1,108.4500,86.5060,0.000619
_351_,VSS,Metal1,132.9000,101.6125,0.000384
_350_,VSS,Metal1,135.8425,101.6435,0.000384
_349_,VSS,Metal1,127.7875,109.4835,0.000316
_348_,VSS,Metal1,136.2600,117.9075,0.000093
_347_,VSS,Metal1,138.6425,117.8760,0.000093
_346_,VSS,Metal1,136.5400,117.3025,0.000093
_345_,VSS,Metal1,142.4775,117.8760,0.000093
_344_,VSS,Metal1,116.3000,133.5875,0.000097
_343_,VSS,Metal1,113.4425,133.0035,0.000097
_342_,VSS,Metal1,121.9530,125.0850,0.000106
_341_,VSS,Metal1,125.3065,118.0390,0.000092
_340_,VSS,Metal1,122.4025,117.3235,0.000091
_339_,VSS,Metal1,99.8000,125.8655,0.000100
_338_,VSS,Metal1,114.7600,117.9110,0.000091
_337_,VSS,Metal1,114.0600,117.2925,0.000091
_336_,VSS,Metal1,96.4400,149.3855,0.000063
_335_,VSS,Metal1,102.6000,140.6940,0.000201
_334_,VSS,Metal1,117.1600,140.6940,0.000205
_333_,VSS,Metal1,137.0800,141.5455,0.000205
_332_,VSS,Metal1,116.2425,78.6760,0.000290
_331_,VSS,Metal1,122.2065,38.8450,0.000315
_330_,VSS,Metal1,123.3800,31.6675,0.000191
_329_,VSS,Metal1,122.5400,46.7425,0.000644
_328_,VSS,Metal1,102.1100,31.6260,0.000190
_327_,VSS,Metal1,105.9600,38.7740,0.000314
_326_,VSS,Metal1,107.1400,46.7325,0.000595
_325_,VSS,Metal1,89.7330,39.6390,0.000289
_324_,VSS,Metal1,108.2065,47.3950,0.000596
_323_,VSS,Metal1,112.2375,47.3160,0.000597
_322_,VSS,Metal1,116.1575,47.3160,0.000601
_321_,VSS,Metal1,110.1865,78.8390,0.000289
_320_,VSS,Metal1,108.5400,78.1660,0.000289
_319_,VSS,Metal1,113.4900,86.5060,0.000619
_318_,VSS,Metal1,118.7730,55.2530,0.000125
_317_,VSS,Metal1,108.5325,102.1960,0.000374
_316_,VSS,Metal1,113.9500,102.1850,0.000379
_315_,VSS,Metal1,114.5100,101.6550,0.000379
_314_,VSS,Metal1,107.3865,55.3190,0.000125
_313_,VSS,Metal1,133.1000,54.5450,0.000126
_312_,VSS,Metal1,135.1400,70.2525,0.000453
_311_,VSS,Metal1,128.2930,70.9330,0.000453
_310_,VSS,Metal1,122.4025,78.1235,0.000291
_309_,VSS,Metal1,121.2700,86.6215,0.000619
_308_,VSS,Metal1,128.4775,78.1235,0.000294
_307_,VSS,Metal1,89.7700,38.8205,0.000289
_306_,VSS,Metal1,83.2700,30.9805,0.000181
_305_,VSS,Metal1,12.9030,117.9805,0.000082
_304_,VSS,Metal1,14.1330,125.0005,0.000078
_303_,VSS,Metal1,13.9465,133.6530,0.000082
_302_,VSS,Metal1,14.3700,125.7060,0.000078
_301_,VSS,Metal1,17.4930,133.7190,0.000082
_300_,VSS,Metal1,29.6265,132.9065,0.000088
_299_,VSS,Metal1,45.3065,117.9730,0.000085
_298_,VSS,Metal1,44.0025,125.1635,0.000084
_297_,VSS,Metal1,32.3530,125.7950,0.000079
_296_,VSS,Metal1,29.8130,141.5590,0.000183
_295_,VSS,Metal1,32.1900,133.5450,0.000089
_294_,VSS,Metal1,47.0930,133.6530,0.000094
_293_,VSS,Metal1,47.1730,125.8790,0.000088
_292_,VSS,Metal1,48.5575,125.1200,0.000088
_291_,VSS,Metal1,53.8930,133.7190,0.000095
_290_,VSS,Metal1,60.5330,125.8130,0.000094
_289_,VSS,Metal1,56.4265,118.0390,0.000087
_288_,VSS,Metal1,54.4275,125.1635,0.000088
_287_,VSS,Metal1,61.1730,125.0005,0.000094
_286_,VSS,Metal1,62.7730,110.1330,0.000287
_285_,VSS,Metal1,55.4930,109.3865,0.000276
_284_,VSS,Metal1,59.2265,110.1990,0.000284
_283_,VSS,Metal1,76.8530,125.8790,0.000099
_282_,VSS,Metal1,75.3500,125.0580,0.000099
_281_,VSS,Metal1,55.8665,110.1990,0.000276
_280_,VSS,Metal1,75.0825,63.0535,0.000112
_279_,VSS,Metal1,58.6375,62.4000,0.000100
_278_,VSS,Metal1,70.8825,62.9960,0.000109
_277_,VSS,Metal1,70.1330,46.6005,0.000559
_276_,VSS,Metal1,69.1700,54.6150,0.000120
_275_,VSS,Metal1,70.3225,62.4435,0.000109
_274_,VSS,Metal1,58.8530,39.5730,0.000269
_273_,VSS,Metal1,56.6865,46.6850,0.000428
_272_,VSS,Metal1,60.1100,55.1460,0.000115
_271_,VSS,Metal1,55.6300,55.1460,0.000115
_270_,VSS,Metal1,39.0665,54.4405,0.000109
_269_,VSS,Metal1,37.2700,55.2615,0.000109
_268_,VSS,Metal1,38.6930,39.5730,0.000244
_267_,VSS,Metal1,34.5865,39.6390,0.000244
_266_,VSS,Metal1,31.8775,55.2135,0.000109
_265_,VSS,Metal1,29.1730,39.5730,0.000244
_264_,VSS,Metal1,23.0865,46.6850,0.000411
_263_,VSS,Metal1,24.0000,39.5475,0.000238
_262_,VSS,Metal1,14.1330,55.3190,0.000107
_261_,VSS,Metal1,16.4900,62.3380,0.000089
_260_,VSS,Metal1,13.0130,39.6390,0.000238
_259_,VSS,Metal1,73.8125,78.1235,0.000268
_258_,VSS,Metal1,136.5065,62.2805,0.000113
_257_,VSS,Metal1,132.2130,55.2530,0.000126
_256_,VSS,Metal1,136.2700,54.6135,0.000126
_255_,VSS,Metal1,133.1465,62.2805,0.000113
_254_,VSS,Metal1,126.6675,62.4435,0.000113
_253_,VSS,Metal1,89.1665,70.9150,0.000444
_252_,VSS,Metal1,85.9175,70.8360,0.000425
_251_,VSS,Metal1,113.3700,70.1780,0.000450
_250_,VSS,Metal1,77.4700,78.1335,0.000270
_249_,VSS,Metal1,49.6775,78.0800,0.000219
_248_,VSS,Metal1,42.6130,78.7730,0.000207
_247_,VSS,Metal1,33.1865,78.7530,0.000204
_246_,VSS,Metal1,53.8600,78.6335,0.000238
_245_,VSS,Metal1,47.5575,70.8935,0.000396
_244_,VSS,Metal1,47.8430,78.7715,0.000219
_243_,VSS,Metal1,43.0775,93.7460,0.000058
_242_,VSS,Metal1,19.7500,85.8125,0.000512
_241_,VSS,Metal1,52.2665,94.4400,0.000058
_240_,VSS,Metal1,37.8365,94.4515,0.000057
_239_,VSS,Metal1,41.7500,102.3015,0.000309
_238_,VSS,Metal1,33.7265,93.7250,0.000057
_237_,VSS,Metal1,76.4100,85.8580,0.000613
_236_,VSS,Metal1,48.9630,102.2915,0.000329
_235_,VSS,Metal1,20.4100,94.4615,0.000052
_234_,VSS,Metal1,13.7500,63.1015,0.000089
_233_,VSS,Metal1,38.3900,109.3780,0.000254
_232_,VSS,Metal1,33.9165,70.9315,0.000363
_231_,VSS,Metal1,19.9100,93.6980,0.000052
_230_,VSS,Metal1,44.5100,62.9850,0.000096
_229_,VSS,Metal1,71.2450,78.8090,0.000268
_228_,VSS,Metal1,71.9175,93.8035,0.000065
_227_,VSS,Metal1,76.4100,93.6980,0.000065
_226_,VSS,Metal1,26.9875,85.9635,0.000511
_225_,VSS,Metal1,19.8900,86.5050,0.000512
_224_,VSS,Metal1,27.8500,101.4925,0.000303
_223_,VSS,Metal1,65.2825,78.1235,0.000251
_222_,VSS,Metal1,62.0100,78.8275,0.000249
_221_,VSS,Metal1,57.9900,93.6980,0.000060
_220_,VSS,Metal1,62.4100,94.4615,0.000061
_219_,VSS,Metal1,19.7500,78.8275,0.000186
_218_,VSS,Metal1,19.9100,70.1780,0.000363
_217_,VSS,Metal1,19.9100,101.5380,0.000303
_216_,VSS,Metal1,21.5900,102.3015,0.000303
_215_,VSS,Metal1,31.0500,102.3015,0.000304
_214_,VSS,Metal1,57.4300,63.1015,0.000100
_213_,VSS,Metal1,31.0500,86.6215,0.000528
_212_,VSS,Metal1,71.9300,94.4615,0.000065
_211_,VSS,Metal1,32.1700,109.3780,0.000254
_210_,VSS,Metal1,101.7400,70.8675,0.000444
_209_,VSS,Metal1,122.4025,47.3160,0.000645
_208_,VSS,Metal1,123.3625,70.8800,0.000453
_207_,VSS,Metal1,113.5465,78.8390,0.000290
_206_,VSS,Metal1,21.5300,70.9415,0.000363
_205_,VSS,Metal1,30.4900,78.0180,0.000204
_204_,VSS,Metal1,60.7900,78.0180,0.000248
_203_,VSS,Metal1,19.9100,78.0180,0.000186
_202_,VSS,Metal1,120.7225,70.2835,0.000453
_201_,VSS,Metal1,112.4265,62.2805,0.000113
_200_,VSS,Metal1,136.8200,109.4250,0.000316
_199_,VSS,Metal1,117.2200,46.7050,0.000634
_198_,VSS,Metal1,103.9800,102.2550,0.000365
_197_,VSS,Metal1,94.4600,38.8650,0.000308
_196_,VSS,Metal1,146.5400,55.2150,0.000126
_195_,VSS,Metal1,31.5400,101.5850,0.000304
_194_,VSS,Metal1,53.0200,109.4250,0.000271
_193_,VSS,Metal1,43.3000,101.5850,0.000309
_192_,VSS,Metal1,50.7800,109.4250,0.000270
_191_,VSS,Metal1,50.0200,101.5850,0.000329
_190_,VSS,Metal1,76.5400,78.7350,0.000269
_189_,VSS,Metal1,58.0600,94.4150,0.000060
_188_,VSS,Metal1,30.4200,85.9050,0.000528
_187_,VSS,Metal1,51.9000,55.2150,0.000115
_186_,VSS,Metal1,50.2200,70.2250,0.000398
_185_,VSS,Metal1,24.2600,63.0550,0.000088
_184_,VSS,Metal1,37.9000,70.8950,0.000363
_183_,VSS,Metal1,114.9800,78.0650,0.000290
_182_,VSS,Metal1,123.0200,102.2550,0.000383
_181_,VSS,Metal1,120.0200,47.3750,0.000644
_180_,VSS,Metal1,123.0200,55.2150,0.000126
