net,length_um
clknet_0_sys_clk_i,907.04µm
clknet_0_periph_clk_i,651.83µm
_0293_,611.72µm
net305,485.86µm
net267,434.81µm
net268,415.92µm
net111,400.04µm
net265,400.04µm
net243,380.03µm
_0353_,377.46µm
net263,367.76µm
net250,362.52µm
sys_clk_i,346.55µm
net304,335.64µm
_0790_,314.87µm
net234,306.57µm
net232,298.02µm
_0456_,294.3µm
net245,291.45µm
_0364_,289.67µm
net6,278.01µm
_0461_,259.99µm
net324,259.38µm
_0413_,256.12µm
_0795_,254.54µm
net233,253.27µm
_0409_,252.15µm
net32,245.43µm
s_uart_stop_bits,243.7µm
periph_clk_i,240.1µm
net244,239.88µm
s_uart_bits\[1\],238.66µm
net261,238.2µm
net321,237.69µm
net283,233.67µm
net293,232.65µm
_0462_,231.58µm
_0412_,229.24µm
net278,228.73µm
net300,228.43µm
net284,227.61µm
_0747_,226.9µm
net256,225.93µm
_0357_,223.18µm
net287,222.62µm
net36,221.81µm
net291,218.04µm
net276,216.92µm
net322,215.9µm
s_data_rx_dc\[1\],215.7µm
net271,214.78µm
net315,214.73µm
net270,211.88µm
net314,211.32µm
net31,210.76µm
net323,210.1µm
s_uart_rx_polling_en,207.91µm
net37,206.18µm
net266,205.67µm
_0355_,204.45µm
r_uart_div\[7\],201.9µm
r_uart_div\[2\],200.58µm
net316,199.56µm
r_uart_div\[3\],198.9µm
net228,198.03µm
net309,198.03µm
net292,197.32µm
clknet_5_5__leaf_sys_clk_i,197.32µm
net290,195.69µm
net260,195.64µm
net227,192.38µm
net34,191.11µm
_0394_,190.96µm
r_uart_bits\[0\],190.6µm
net241,187.95µm
net313,187.24µm
net286,186.73µm
net279,186.22µm
net308,185.46µm
s_data_rx_dc\[5\],183.88µm
net167,182.56µm
net282,181.79µm
r_uart_div\[1\],180.98µm
net281,180.52µm
net5,179.96µm
net226,178.89µm
_0451_,178.13µm
net294,177.16µm
net307,176.55µm
net225,175.43µm
net220,175.33µm
r_uart_div\[5\],174.36µm
net274,173.29µm
net306,173.29µm
net302,173.19µm
net320,172.78µm
_0360_,172.53µm
net221,172.02µm
net28,171.46µm
clknet_5_10__leaf_sys_clk_i,170.95µm
_0793_,170.29µm
net311,170.29µm
net33,169.78µm
clknet_5_30__leaf_sys_clk_i,168.76µm
net202,168.61µm
net318,168.2µm
r_uart_bits\[1\],167.69µm
net168,166.98µm
net255,165.25µm
net38,164.94µm
r_uart_div\[12\],163.72µm
s_uart_en_rx,163.67µm
net214,163.01µm
net296,162.5µm
u_uart_rx.baud_cnt\[0\],161.02µm
s_data_rx_dc\[0\],160.92µm
net157,160.77µm
net17,159.8µm
net238,157.41µm
net198,155.68µm
_0408_,155.27µm
net273,155.17µm
net164,154.66µm
net177,154.61µm
r_uart_div\[8\],151.92µm
s_uart_en_tx,151.86µm
net1,151.3µm
clknet_5_29__leaf_sys_clk_i,150.13µm
clknet_5_31__leaf_sys_clk_i,149.16µm
net3,148.5µm
net262,148.04µm
net247,147.53µm
_0515_,147.48µm
net239,147.43µm
_0739_,147.38µm
net207,147.38µm
r_uart_div\[15\],147.33µm
net128,147.28µm
net240,146.87µm
_0374_,146.77µm
net280,146.36µm
net297,146.31µm
net2,144.78µm
net264,143.66µm
net312,143.41µm
net259,142.49µm
net112,141.73µm
clknet_5_14__leaf_sys_clk_i,141.22µm
net229,140.71µm
r_uart_div\[9\],139.03µm
net301,138.67µm
r_uart_div\[13\],137.86µm
net76,137.76µm
net21,137.25µm
net218,137.2µm
r_uart_div\[6\],136.74µm
clknet_5_6__leaf_sys_clk_i,136.74µm
net85,136.13µm
net298,135.01µm
net146,134.55µm
clknet_5_3__leaf_sys_clk_i,133.94µm
net277,133.53µm
s_data_rx_dc\[4\],132.36µm
net242,130.02µm
u_uart_rx.baud_cnt\[4\],129.92µm
clknet_5_16__leaf_sys_clk_i,129.46µm
_0446_,128.39µm
net237,128.39µm
u_uart_rx.bit_done,127.68µm
_0706_,127.22µm
net317,126.61µm
_0450_,126.15µm
u_uart_rx.baud_cnt\[9\],125.08µm
net285,124.32µm
_0479_,123.58µm
net188,122.74µm
s_uart_bits\[0\],122.74µm
r_uart_div\[14\],122.69µm
net254,122.13µm
clknet_5_12__leaf_sys_clk_i,121.77µm
_0430_,121.67µm
net258,121.11µm
net249,120.5µm
u_uart_rx.reg_rx_sync\[2\],119.43µm
_0377_,118.72µm
net295,118.41µm
_0369_,118.16µm
clknet_5_22__leaf_periph_clk_i,118.16µm
net288,117.9µm
s_uart_rx_clean_fifo,117.7µm
clknet_5_11__leaf_sys_clk_i,117.29µm
clknet_5_7__leaf_sys_clk_i,116.53µm
u_uart_tx.busy_o,116.07µm
u_dc_fifo_rx.u_din.full.full_synch.d_in\[0\],115.41µm
u_uart_rx.baud_cnt\[6\],114.95µm
net269,114.95µm
net223,114.85µm
clknet_5_4__leaf_sys_clk_i,113.78µm
u_reg_if.r_uart_rx_data\[1\],113.73µm
_0513_,113.17µm
net189,113.12µm
clknet_5_17__leaf_sys_clk_i,112.66µm
u_uart_tx.bit_done,112.2µm
net206,112.1µm
s_uart_rx_irq_en,109.86µm
net4,109.35µm
_0744_,108.74µm
net103,108.74µm
net224,108.13µm
net310,107.06µm
net213,107.01µm
_0746_,106.5µm
net195,106.5µm
u_uart_rx.baud_cnt\[3\],104.82µm
net194,104.26µm
clknet_5_18__leaf_sys_clk_i,103.9µm
clknet_5_15__leaf_sys_clk_i,103.8µm
net162,103.14µm
clknet_5_19__leaf_sys_clk_i,102.12µm
net99,100.9µm
clknet_5_28__leaf_sys_clk_i,100.44µm
u_dc_fifo_rx.u_din.write_token\[3\],100.34µm
clknet_5_3__leaf_periph_clk_i,99.83µm
net186,99.73µm
_0478_,99.68µm
cfg_tx_size_o[6],99.54µm
clknet_5_13__leaf_sys_clk_i,99.27µm
clknet_5_0__leaf_periph_clk_i,98.1µm
u_uart_tx.CS\[2\],97.08µm
_0743_,97.03µm
net303,97.03µm
net251,96.88µm
net179,96.42µm
u_uart_rx.baud_cnt\[10\],96.37µm
s_uart_parity_en,95.91µm
u_uart_rx.CS\[1\],95.68µm
net248,95.3µm
clknet_5_22__leaf_sys_clk_i,95.3µm
_0376_,95.2µm
cfg_rx_size_o[8],94.87µm
_0429_,94.84µm
u_uart_tx.baud_cnt\[1\],94.74µm
r_uart_parity_en,93.01µm
_0445_,92.5µm
net173,92.4µm
clknet_5_18__leaf_periph_clk_i,91.94µm
clknet_5_0__leaf_sys_clk_i,90.26µm
r_uart_div\[4\],89.7µm
clknet_5_20__leaf_sys_clk_i,89.14µm
clknet_5_26__leaf_periph_clk_i,88.68µm
net212,88.53µm
_0685_,88.48µm
cfg_data_i[8],87.78µm
cfg_rx_startaddr_o[0],87.78µm
s_data_rx_dc\[2\],87.51µm
_0712_,87.46µm
r_uart_en_tx_sync\[2\],87.46µm
s_data_rx_dc\[7\],87.41µm
_0707_,86.9µm
clknet_5_19__leaf_periph_clk_i,86.85µm
_0785_,86.8µm
clknet_5_29__leaf_periph_clk_i,86.49µm
net191,86.29µm
cfg_rx_startaddr_o[1],86.25µm
_0592_,86.24µm
net319,85.88µm
u_uart_rx.baud_cnt\[5\],85.78µm
cfg_tx_size_o[13],85.54µm
clknet_5_14__leaf_periph_clk_i,85.12µm
u_dc_fifo_tx.u_din.write_token\[0\],84.91µm
u_uart_rx.baud_cnt\[15\],84.61µm
cfg_rx_size_o[5],84.52µm
u_dc_fifo_tx.u_dout.read_token\[1\],84.15µm
clknet_5_28__leaf_periph_clk_i,84.15µm
_0460_,84.1µm
net158,84.05µm
_0496_,83.64µm
u_dc_fifo_rx.u_din.write_token\[0\],83.49µm
r_uart_div\[0\],82.93µm
clknet_5_17__leaf_periph_clk_i,82.57µm
clknet_5_23__leaf_periph_clk_i,82.37µm
r_uart_div\[10\],81.91µm
cfg_tx_startaddr_o[5],81.77µm
_0800_,81.35µm
u_fifo.i_fifo.elements\[0\],81.3µm
u_uart_rx.baud_cnt\[1\],80.84µm
u_uart_rx.baud_cnt\[13\],80.79µm
_0006_,80.69µm
u_uart_tx.CS\[1\],80.28µm
clknet_5_16__leaf_periph_clk_i,80.18µm
cfg_rx_startaddr_o[7],79.94µm
u_dc_fifo_tx.u_din.write_token\[3\],79.21µm
_0540_,79.11µm
u_uart_tx.baud_cnt\[0\],79.11µm
net155,79.01µm
clknet_5_1__leaf_periph_clk_i,79.01µm
cfg_tx_startaddr_o[8],78.82µm
clknet_5_8__leaf_periph_clk_i,78.55µm
clknet_5_25__leaf_sys_clk_i,78.5µm
clknet_5_13__leaf_periph_clk_i,78.5µm
_0447_,78.45µm
net183,78.45µm
i_ep_err_parity.i_sync_clkb.i_pulp_sync.serial_i,78.4µm
clknet_5_21__leaf_sys_clk_i,77.99µm
s_uart_div\[6\],77.94µm
_0802_,77.89µm
_0697_,77.43µm
net200,77.38µm
net215,77.28µm
u_uart_rx.CS\[0\],77.07µm
clknet_5_10__leaf_periph_clk_i,76.92µm
_0691_,76.77µm
_0523_,76.72µm
cfg_rx_size_o[7],76.63µm
_0512_,76.26µm
net104,76.21µm
clknet_5_1__leaf_sys_clk_i,76.21µm
cfg_data_i[7],76.07µm
_0532_,75.7µm
_0723_,75.7µm
u_uart_rx.baud_cnt\[7\],75.65µm
cfg_data_i[3],74.9µm
_0501_,74.63µm
clknet_5_9__leaf_periph_clk_i,74.63µm
clknet_5_5__leaf_periph_clk_i,74.58µm
clknet_5_24__leaf_periph_clk_i,74.58µm
_0362_,74.53µm
cfg_tx_startaddr_o[0],74.34µm
clknet_5_21__leaf_periph_clk_i,74.12µm
clknet_5_7__leaf_periph_clk_i,74.02µm
clknet_5_2__leaf_periph_clk_i,73.97µm
net230,73.92µm
net216,73.56µm
_0494_,73.51µm
u_dc_fifo_rx.u_din.write_token\[1\],73.41µm
cfg_tx_size_o[8],73.22µm
net252,72.95µm
_0365_,72.85µm
net171,72.29µm
u_dc_fifo_rx.u_dout.read_token\[1\],71.88µm
s_data_rx_dc\[3\],71.83µm
cfg_data_i[0],71.59µm
cfg_rx_startaddr_o[6],71.54µm
u_uart_tx.CS\[0\],71.52µm
_0721_,71.32µm
clknet_5_12__leaf_periph_clk_i,71.32µm
_0298_,71.17µm
net236,71.12µm
cfg_tx_startaddr_o[1],70.42µm
u_uart_rx.baud_cnt\[14\],70.1µm
_0629_,70.05µm
clknet_5_27__leaf_sys_clk_i,70.05µm
net192,70µm
_0758_,69.49µm
_0848_,69.44µm
net205,69.44µm
net190,68.98µm
u_uart_tx.baud_cnt\[8\],68.47µm
s_data_rx_dc\[6\],68.42µm
u_dc_fifo_tx.u_din.write_token\[2\],67.96µm
clknet_5_25__leaf_periph_clk_i,67.86µm
u_dc_fifo_rx.u_dout.read_token\[3\],67.81µm
clknet_5_9__leaf_sys_clk_i,67.5µm
_0784_,67.3µm
net105,67.25µm
cfg_rx_startaddr_o[2],67.06µm
u_uart_rx.CS\[2\],66.84µm
u_uart_rx.baud_cnt\[8\],66.74µm
clknet_5_26__leaf_sys_clk_i,66.74µm
_0361_,66.64µm
u_dc_fifo_rx.dst_rstn_i,66.64µm
cfg_rx_size_o[6],66.5µm
cfg_tx_size_o[4],65.94µm
i_ep_err_overflow.i_sync_clkb.i_pulp_sync.serial_i,65.62µm
net299,65.62µm
_0212_,65.57µm
net210,65.52µm
u_dc_fifo_rx.u_dout.read_token\[2\],65.11µm
_0493_,65.06µm
u_uart_tx.baud_cnt\[12\],65.06µm
clknet_5_8__leaf_sys_clk_i,65.06µm
_0805_,65.01µm
_0183_,64.96µm
cfg_tx_size_o[3],64.82µm
cfg_tx_size_o[9],64.82µm
_0563_,64.5µm
net170,64.45µm
net208,64.45µm
clknet_5_24__leaf_sys_clk_i,64.45µm
cfg_data_i[13],64.31µm
cfg_rx_startaddr_o[8],64.31µm
cfg_data_i[6],64.26µm
cfg_rx_size_o[13],64.26µm
_0449_,63.38µm
clknet_5_4__leaf_periph_clk_i,63.38µm
net159,63.33µm
net199,63.33µm
_0220_,63.28µm
cfg_addr_i[0],63.14µm
u_uart_tx.baud_cnt\[4\],62.92µm
_0495_,62.77µm
_0676_,62.77µm
net9,62.77µm
u_dc_fifo_tx.u_dout.empty_synch.d_out\[0\],62.77µm
_0601_,62.72µm
_0778_,62.26µm
u_dc_fifo_tx.u_din.write_token\[1\],62.21µm
cfg_tx_startaddr_o[7],62.02µm
_0674_,61.7µm
cfg_rx_size_o[4],61.46µm
cfg_tx_size_o[7],61.46µm
_0375_,61.09µm
_0502_,61.09µm
cfg_addr_i[4],60.95µm
_0576_,60.68µm
u_dc_fifo_tx.u_dout.read_token\[2\],60.63µm
net148,60.48µm
clknet_5_2__leaf_sys_clk_i,60.07µm
net211,60.02µm
u_dc_fifo_rx.u_din.write_token\[2\],60.02µm
clknet_5_20__leaf_periph_clk_i,60.02µm
cfg_tx_size_o[0],59.83µm
cfg_rx_startaddr_o[5],59.78µm
cfg_tx_size_o[1],59.78µm
_0294_,59.36µm
_0343_,59.36µm
cfg_data_i[5],59.22µm
_0448_,58.9µm
u_fifo.i_fifo.elements\[1\],58.9µm
net109,58.85µm
_0650_,58.8µm
net235,58.8µm
net187,58.34µm
net209,58.24µm
cfg_data_i[1],58.1µm
u_dc_fifo_tx.u_dout.read_token\[3\],57.88µm
net289,56.71µm
cfg_rx_size_o[0],56.42µm
cfg_tx_startaddr_o[9],56.42µm
_0327_,56.15µm
clknet_5_23__leaf_sys_clk_i,56.15µm
_0822_,56.05µm
cfg_tx_size_o[15],55.86µm
u_dc_fifo_rx.u_dout.read_token\[0\],55.64µm
clknet_5_27__leaf_periph_clk_i,55.49µm
net145,55.44µm
cfg_rwn_i,55.3µm
net275,55.03µm
_0694_,54.93µm
s_uart_div\[0\],54.42µm
_0350_,54.37µm
_0680_,54.32µm
_0804_,54.32µm
_0186_,53.81µm
_0370_,53.76µm
net125,53.76µm
cfg_rx_size_o[2],53.62µm
cfg_rx_startaddr_o[3],53.62µm
_0668_,53.3µm
net7,53.3µm
cfg_tx_en_i,53.215µm
cfg_tx_startaddr_o[6],53.06µm
_0796_,52.74µm
_0714_,52.69µm
net8,52.69µm
net193,52.69µm
_0677_,52.64µm
net10,52.64µm
s_uart_div\[5\],52.64µm
cfg_data_i[12],52.5µm
_0383_,52.08µm
_0852_,51.62µm
_0701_,51.57µm
u_fifo.i_fifo.pointer_out\[0\],51.57µm
net253,51.57µm
net82,51.52µm
net147,51.01µm
u_dc_fifo_tx.u_din.buffer.data\[23\],51.01µm
cfg_data_i[2],50.87µm
cfg_tx_size_o[12],50.82µm
_0622_,49.89µm
_0517_,49.84µm
cfg_tx_startaddr_o[3],49.7µm
u_reg_if.r_uart_rx_data\[6\],49.43µm
_0332_,49.38µm
u_uart_rx.baud_cnt\[2\],49.38µm
_0306_,49.33µm
clknet_5_30__leaf_periph_clk_i,49.33µm
cfg_rx_curr_addr_i[4],49.295µm
u_uart_tx.baud_cnt\[9\],48.87µm
r_uart_stop_bits,48.82µm
s_uart_div\[15\],48.77µm
_0184_,48.72µm
net49,48.72µm
_0844_,48.26µm
s_uart_div\[12\],48.21µm
u_dc_fifo_tx.u_din.buffer.data\[21\],48.21µm
u_reg_if.r_uart_rx_data\[3\],48.21µm
_0452_,47.7µm
net35,47.7µm
net174,47.7µm
_0372_,47.65µm
_0700_,47.65µm
_0812_,47.65µm
net43,47.65µm
u_dc_fifo_tx.u_dout.empty_synch.d_out\[3\],47.65µm
cfg_tx_curr_addr_i[4],47.615µm
_0215_,47.6µm
_0358_,47.6µm
cfg_tx_startaddr_o[4],47.51µm
cfg_rx_size_o[12],47.46µm
net156,47.14µm
s_uart_div\[10\],47.09µm
cfg_rx_curr_addr_i[5],47.055µm
_0292_,46.63µm
cfg_rx_bytes_left_i[6],46.495µm
_0823_,46.48µm
net74,46.48µm
u_uart_rx.reg_bit_count\[2\],46.02µm
_0334_,45.97µm
u_dc_fifo_tx.u_din.full.full_synch.d_in\[0\],45.97µm
clknet_5_6__leaf_periph_clk_i,45.97µm
s_uart_div\[1\],45.51µm
r_status_sync\[2\],45.41µm
u_uart_tx.baud_cnt\[7\],45.41µm
cfg_tx_size_o[5],45.22µm
u_dc_fifo_tx.u_din.buffer.data\[25\],44.9µm
u_dc_fifo_tx.u_dout.read_token\[0\],44.9µm
_0319_,44.85µm
_0838_,44.8µm
_0634_,44.34µm
cfg_rx_pending_i,44.305µm
cfg_tx_bytes_left_i[4],44.305µm
cfg_data_o[5],44.305µm
u_dc_fifo_tx.u_din.buffer.data\[5\],44.29µm
cfg_rx_bytes_left_i[0],44.255µm
cfg_rx_bytes_left_i[2],44.255µm
cfg_rx_bytes_left_i[5],44.255µm
cfg_rx_curr_addr_i[7],44.255µm
cfg_tx_bytes_left_i[7],44.255µm
_0764_,44.24µm
net77,44.24µm
net217,43.83µm
net107,43.78µm
net133,43.68µm
_0307_,43.22µm
u_dc_fifo_rx.u_dout.empty_synch.d_out\[2\],43.22µm
u_uart_tx.baud_cnt\[10\],43.22µm
clknet_5_15__leaf_periph_clk_i,43.22µm
_0182_,43.17µm
u_dc_fifo_tx.u_din.buffer.data\[26\],43.17µm
cfg_data_o[4],43.135µm
cfg_rx_bytes_left_i[9],42.98µm
_0661_,42.71µm
_0742_,42.71µm
r_uart_en_rx_sync\[1\],42.66µm
cfg_data_i[29],42.625µm
net182,42.61µm
cfg_rx_bytes_left_i[4],42.575µm
cfg_tx_bytes_left_i[0],42.575µm
cfg_tx_curr_addr_i[5],42.575µm
cfg_tx_curr_addr_i[6],42.575µm
data_rx_o[5],42.575µm
_0684_,42.2µm
s_uart_div\[2\],42.15µm
net219,42.05µm
u_dc_fifo_rx.u_din.buffer.data\[0\],42.05µm
u_dc_fifo_tx.u_din.buffer.data\[17\],42.05µm
cfg_rx_bytes_left_i[1],42.015µm
cfg_tx_pending_i,42.015µm
_0179_,42µm
net39,42µm
net108,42µm
cfg_addr_i[1],41.86µm
cfg_addr_i[2],41.86µm
_0541_,41.54µm
_0671_,41.54µm
u_dc_fifo_tx.u_dout.empty_synch.d_out\[2\],41.54µm
net160,41.49µm
cfg_tx_bytes_left_i[5],41.455µm
cfg_data_o[26],41.455µm
net55,41.44µm
cfg_rx_clr_o,41.3µm
_0561_,40.98µm
_0453_,40.93µm
cfg_rx_curr_addr_i[6],40.895µm
cfg_rx_en_i,40.895µm
net42,40.88µm
cfg_data_i[4],40.74µm
_0716_,40.52µm
u_uart_rx.baud_cnt\[12\],40.52µm
_0356_,40.42µm
_0379_,40.37µm
s_uart_div\[8\],40.37µm
u_uart_rx.reg_bit_count\[1\],40.37µm
cfg_tx_curr_addr_i[1],40.335µm
_0454_,40.32µm
_0315_,39.86µm
_0384_,39.86µm
_0441_,39.86µm
r_uart_en_rx_sync\[2\],39.86µm
cfg_rx_curr_addr_i[1],39.825µm
cfg_data_o[17],39.825µm
_0777_,39.81µm
u_uart_tx.baud_cnt\[11\],39.81µm
cfg_data_i[17],39.775µm
cfg_data_i[22],39.775µm
cfg_data_o[27],39.775µm
_0191_,39.76µm
clknet_4_10_0_sys_clk_i,39.76µm
clknet_4_6_0_periph_clk_i,39.76µm
cfg_valid_i,39.06µm
_0387_,38.69µm
cfg_data_i[16],38.655µm
cfg_rx_curr_addr_i[2],38.655µm
cfg_tx_bytes_left_i[3],38.655µm
cfg_tx_bytes_left_i[6],38.655µm
cfg_tx_curr_addr_i[2],38.655µm
net100,38.64µm
cfg_data_o[24],38.145µm
net26,38.13µm
uart_rx_i,38.095µm
cfg_data_o[20],38.095µm
net130,38.08µm
_0727_,37.82µm
net172,37.62µm
net201,37.62µm
cfg_data_i[28],37.585µm
_0342_,37.57µm
cfg_data_o[0],37.535µm
_0385_,37.52µm
cfg_tx_clr_o,37.48µm
_0731_,37.16µm
_0533_,37.11µm
_0803_,37.01µm
u_dc_fifo_tx.u_din.buffer.data\[0\],37.01µm
cfg_data_i[30],36.975µm
net196,36.96µm
u_reg_if.r_uart_rx_data_valid,36.96µm
_0311_,36.55µm
u_uart_tx.baud_cnt\[6\],36.55µm
_0854_,36.5µm
cfg_rx_bytes_left_i[12],36.465µm
cfg_tx_curr_addr_i[0],36.465µm
net18,36.45µm
net62,36.45µm
s_uart_div\[9\],36.45µm
cfg_data_o[2],36.415µm
cfg_data_o[30],36.415µm
data_rx_o[4],36.415µm
u_dc_fifo_tx.u_din.buffer.data\[18\],36.4µm
cfg_tx_size_o[2],36.26µm
_0363_,35.99µm
cfg_data_i[20],35.905µm
cfg_data_o[29],35.905µm
_0329_,35.89µm
net175,35.89µm
cfg_data_i[26],35.855µm
cfg_rx_curr_addr_i[11],35.855µm
data_rx_o[2],35.855µm
_0788_,35.48µm
cfg_data_o[6],35.395µm
_0699_,35.38µm
u_dc_fifo_tx.u_din.buffer.data\[1\],35.38µm
u_fifo.r_inflight\[1\],35.38µm
_0190_,35.33µm
cfg_rx_bytes_left_i[14],35.295µm
cfg_rx_bytes_left_i[3],35.295µm
cfg_tx_bytes_left_i[2],35.295µm
cfg_data_o[1],35.295µm
data_rx_o[1],35.295µm
_0378_,35.28µm
cfg_tx_curr_addr_i[7],35.14µm
cfg_data_i[25],34.785µm
_0380_,34.77µm
net135,34.77µm
u_dc_fifo_tx.u_din.buffer.data\[27\],34.77µm
cfg_tx_bytes_left_i[1],34.735µm
cfg_data_o[19],34.735µm
cfg_data_o[22],34.735µm
data_rx_o[6],34.735µm
_0414_,34.72µm
net337,34.58µm
data_rx_ready_i,34.58µm
u_dc_fifo_tx.u_din.buffer.data\[28\],34.26µm
u_fifo.i_fifo.pointer_in\[0\],34.21µm
cfg_data_i[24],34.175µm
cfg_tx_bytes_left_i[13],34.175µm
cfg_data_o[16],34.175µm
_0765_,34.16µm
clknet_4_1_0_sys_clk_i,34.16µm
cfg_rx_bytes_left_i[8],34.07µm
cfg_rx_startaddr_o[4],34.02µm
net180,33.7µm
u_uart_rx.reg_bit_count\[0\],33.65µm
net72,33.6µm
cfg_rx_en_o,33.51µm
net102,33.14µm
cfg_rx_bytes_left_i[15],33.055µm
cfg_rx_curr_addr_i[3],33.055µm
clknet_4_10_0_periph_clk_i,33.04µm
clknet_4_15_0_periph_clk_i,33.04µm
_0688_,32.68µm
net169,32.58µm
u_dc_fifo_rx.u_din.buffer.data\[2\],32.58µm
net140,32.53µm
u_dc_fifo_rx.u_din.buffer.data\[7\],32.53µm
u_dc_fifo_tx.u_din.buffer.data\[22\],32.53µm
u_fifo.i_fifo.buffer\[1\]\[3\],32.53µm
cfg_data_i[18],32.495µm
cfg_data_i[21],32.495µm
data_rx_o[3],32.495µm
_0615_,32.48µm
net45,32.48µm
u_dc_fifo_rx.u_din.buffer.data\[19\],32.48µm
cfg_rx_curr_addr_i[8],32.34µm
u_uart_rx.baud_cnt\[11\],32.12µm
cfg_data_o[28],31.985µm
_0444_,31.97µm
u_dc_fifo_rx.u_din.buffer.data\[29\],31.97µm
cfg_data_o[3],31.935µm
_0404_,31.92µm
_0614_,31.92µm
clknet_4_7_0_periph_clk_i,31.92µm
clknet_5_31__leaf_periph_clk_i,31.92µm
cfg_tx_curr_addr_i[8],31.78µm
cfg_data_i[27],31.425µm
cfg_data_o[25],31.425µm
net22,31.41µm
net23,31.41µm
net46,31.41µm
u_fifo.i_fifo.buffer\[1\]\[7\],31.41µm
u_uart_tx.reg_data\[0\],31.41µm
clknet_4_11_0_periph_clk_i,31.41µm
net138,31.36µm
u_dc_fifo_tx.u_dout.empty_synch.d_out\[1\],31.36µm
clknet_4_8_0_periph_clk_i,31.36µm
net343,31.22µm
cfg_rx_size_o[1],31.22µm
_0521_,30.9µm
u_dc_fifo_rx.u_din.buffer.data\[18\],30.9µm
cfg_rx_bytes_left_i[13],30.865µm
clknet_4_0_0_periph_clk_i,30.85µm
cfg_tx_bytes_left_i[12],30.815µm
cfg_data_o[7],30.71µm
data_rx_o[7],30.66µm
_0702_,30.34µm
_0585_,30.29µm
net134,30.29µm
net197,30.29µm
u_dc_fifo_rx.u_din.buffer.data\[9\],30.29µm
u_uart_tx.baud_cnt\[2\],30.29µm
u_uart_tx.reg_data\[7\],30.29µm
cfg_tx_bytes_left_i[10],30.255µm
cfg_tx_curr_addr_i[3],30.255µm
cfg_data_o[21],30.255µm
_0381_,30.24µm
net61,30.24µm
cfg_addr_i[3],30.1µm
_0574_,29.78µm
_0657_,29.78µm
net185,29.78µm
s_uart_div\[13\],29.78µm
u_fifo.i_fifo.buffer\[1\]\[1\],29.73µm
_0405_,29.68µm
net54,29.68µm
r_status_sync\[1\],29.68µm
cfg_tx_curr_addr_i[9],29.54µm
cfg_rx_continuous_o,29.54µm
_0653_,29.5µm
u_uart_tx.reg_bit_count\[0\],29.32µm
net203,29.22µm
u_uart_tx.reg_data\[2\],29.22µm
net47,29.17µm
net66,29.17µm
net91,29.17µm
net204,29.17µm
u_uart_tx.reg_data\[5\],29.17µm
net222,29.17µm
u_dc_fifo_rx.u_din.buffer.data\[10\],29.12µm
u_dc_fifo_rx.u_din.buffer.data\[4\],28.66µm
net132,28.61µm
net153,28.61µm
u_dc_fifo_rx.u_din.full.full_synch.d_out\[0\],28.61µm
cfg_rx_bytes_left_i[10],28.575µm
cfg_tx_bytes_left_i[14],28.575µm
_0068_,28.56µm
i_ep_event.i_sync_clkb.i_pulp_sync.r_reg\[1\],28.1µm
s_uart_div\[14\],28.1µm
_0398_,28.05µm
_0762_,28.05µm
_0807_,28.05µm
u_dc_fifo_tx.u_din.buffer.data\[9\],28.05µm
u_dc_fifo_tx.u_din.full.full_synch.d_out\[0\],28.05µm
clknet_4_1_0_periph_clk_i,28.05µm
_0623_,28µm
net127,28µm
net57,28µm
r_uart_en_tx_sync\[1\],28µm
data_rx_valid_o,27.86µm
_0291_,27.59µm
_0185_,27.49µm
u_uart_tx.baud_cnt\[13\],27.49µm
clknet_4_5_0_periph_clk_i,27.49µm
cfg_tx_bytes_left_i[15],27.455µm
net53,27.44µm
net176,27.44µm
net90,27.44µm
u_dc_fifo_rx.u_din.buffer.data\[6\],27.44µm
clknet_5_11__leaf_periph_clk_i,27.44µm
cfg_rx_curr_addr_i[9],27.3µm
cfg_tx_startaddr_o[2],27.3µm
net161,26.98µm
u_dc_fifo_rx.u_din.buffer.data\[3\],26.98µm
_0219_,26.93µm
_0389_,26.93µm
net116,26.93µm
cfg_rx_curr_addr_i[10],26.895µm
_0649_,26.88µm
_0771_,26.88µm
cfg_rx_bytes_left_i[7],26.74µm
cfg_data_i[31],26.645µm
_0679_,26.52µm
_0180_,26.42µm
_0740_,26.42µm
_0745_,26.42µm
_0399_,26.37µm
_0827_,26.37µm
u_dc_fifo_tx.u_din.buffer.data\[19\],26.37µm
clknet_4_0_0_sys_clk_i,26.37µm
cfg_tx_bytes_left_i[11],26.335µm
_0459_,26.32µm
clknet_4_12_0_sys_clk_i,26.32µm
cfg_tx_bytes_left_i[8],26.18µm
_0720_,26.14µm
_0301_,25.86µm
u_reg_if.r_err_parity,25.86µm
u_uart_tx.baud_cnt\[3\],25.86µm
_0359_,25.81µm
_0529_,25.81µm
_0673_,25.81µm
net51,25.81µm
s_uart_div\[4\],25.81µm
u_reg_if.r_uart_rx_data\[2\],25.76µm
cfg_data_o[31],25.525µm
u_uart_tx.baud_cnt\[5\],25.35µm
u_dc_fifo_tx.u_din.buffer.data\[20\],25.3µm
net246,25.3µm
net152,25.25µm
s_uart_div\[7\],25.25µm
net372,25.25µm
_0775_,25.2µm
i_ep_event.i_sync_clkb.i_pulp_sync.serial_i,25.2µm
net231,25.2µm
clknet_4_9_0_sys_clk_i,25.2µm
_0669_,24.74µm
u_dc_fifo_rx.u_din.buffer.data\[25\],24.74µm
_0257_,24.69µm
net117,24.69µm
net124,24.69µm
u_reg_if.r_uart_rx_data\[0\],24.69µm
u_uart_tx.reg_bit_count\[1\],24.69µm
_0141_,24.64µm
_0402_,24.64µm
net142,24.64µm
net354,24.5µm
_0321_,24.18µm
_0696_,24.18µm
_0717_,24.18µm
_0726_,24.18µm
net149,24.18µm
u_dc_fifo_tx.u_din.buffer.data\[11\],24.18µm
u_reg_if.r_uart_rx_data\[4\],24.18µm
_0209_,24.13µm
_0213_,24.13µm
_0466_,24.13µm
i_ep_err_parity.sync_a\[1\],24.13µm
u_dc_fifo_tx.u_din.buffer.data\[12\],24.13µm
u_fifo.i_fifo.buffer\[0\]\[0\],24.13µm
cfg_tx_curr_addr_i[11],24.095µm
clknet_4_5_0_sys_clk_i,24.08µm
net44,23.62µm
s_uart_div\[11\],23.62µm
u_dc_fifo_rx.u_din.buffer.data\[24\],23.62µm
clknet_4_7_0_sys_clk_i,23.62µm
_0314_,23.57µm
_0322_,23.57µm
_0340_,23.57µm
_0390_,23.57µm
_0643_,23.57µm
_0732_,23.57µm
_0840_,23.57µm
net154,23.57µm
u_dc_fifo_rx.u_din.buffer.data\[21\],23.57µm
u_dc_fifo_rx.u_din.buffer.data\[23\],23.57µm
cfg_data_i[19],23.535µm
cfg_data_o[15],23.535µm
_0386_,23.52µm
_0722_,23.52µm
clknet_4_14_0_sys_clk_i,23.52µm
clknet_4_4_0_periph_clk_i,23.52µm
cfg_rx_curr_addr_i[0],23.38µm
cfg_data_o[8],23.38µm
err_event_o,23.38µm
_0693_,23.11µm
u_dc_fifo_tx.u_din.buffer.data\[6\],23.06µm
u_fifo.i_fifo.buffer\[1\]\[6\],23.06µm
clknet_4_13_0_periph_clk_i,23.06µm
_0772_,23.01µm
net151,23.01µm
i_ep_err_overflow.i_sync_clkb.i_pulp_sync.r_reg\[0\],23.01µm
u_dc_fifo_tx.u_dout.empty_synch.d_middle\[0\],23.01µm
u_fifo.i_fifo.buffer\[1\]\[5\],23.01µm
cfg_tx_curr_addr_i[10],22.975µm
_0458_,22.96µm
_0636_,22.96µm
net113,22.96µm
net118,22.96µm
net334,22.82µm
_0851_,22.45µm
net166,22.45µm
r_uart_en_tx_sync\[0\],22.45µm
u_dc_fifo_rx.u_din.buffer.data\[26\],22.45µm
_0718_,22.4µm
_0352_,22.17µm
_0719_,21.99µm
i_ep_err_overflow.i_sync_clkb.serial_o,21.94µm
u_dc_fifo_rx.u_din.buffer.data\[22\],21.94µm
u_fifo.i_fifo.buffer\[0\]\[5\],21.94µm
u_fifo.i_fifo.buffer\[1\]\[2\],21.94µm
_0710_,21.89µm
u_dc_fifo_tx.u_din.buffer.data\[2\],21.89µm
clknet_4_9_0_periph_clk_i,21.89µm
net336,21.855µm
net351,21.855µm
cfg_rx_startaddr_o[11],21.7µm
_0748_,21.43µm
_0428_,21.38µm
_0738_,21.38µm
i_ep_event.i_sync_clkb.serial_o,21.38µm
u_dc_fifo_tx.u_din.buffer.data\[4\],21.38µm
net371,21.33µm
_0203_,21.28µm
net84,21.28µm
clknet_4_14_0_periph_clk_i,21.28µm
cfg_data_i[10],21.14µm
r_uart_div\[11\],20.92µm
_0487_,20.77µm
_0510_,20.77µm
_0665_,20.77µm
_0689_,20.77µm
net136,20.77µm
u_dc_fifo_rx.u_din.buffer.data\[13\],20.77µm
u_dc_fifo_rx.u_din.buffer.data\[17\],20.77µm
clknet_4_2_0_sys_clk_i,20.77µm
cfg_data_o[11],20.735µm
cfg_data_o[13],20.735µm
cfg_data_o[18],20.735µm
_0172_,20.72µm
net58,20.72µm
net78,20.72µm
net89,20.72µm
net93,20.72µm
s_uart_div\[3\],20.72µm
clknet_4_12_0_periph_clk_i,20.72µm
cfg_tx_bytes_left_i[9],20.58µm
cfg_data_o[9],20.58µm
u_dc_fifo_tx.u_din.buffer.data\[16\],20.31µm
_0663_,20.26µm
u_dc_fifo_rx.u_din.buffer.data\[5\],20.26µm
u_dc_fifo_rx.u_dout.empty_synch.d_out\[1\],20.26µm
_0016_,20.21µm
_0328_,20.21µm
u_dc_fifo_rx.u_din.buffer.data\[8\],20.21µm
u_fifo.i_fifo.buffer\[0\]\[7\],20.21µm
net63,20.16µm
u_uart_tx.baud_cnt\[14\],19.75µm
u_uart_tx.parity_bit,19.75µm
_0514_,19.7µm
u_dc_fifo_rx.u_din.buffer.data\[16\],19.7µm
_0525_,19.65µm
net15,19.65µm
i_ep_err_parity.i_sync_clkb.i_pulp_sync.r_reg\[1\],19.65µm
u_dc_fifo_rx.u_din.buffer.data\[11\],19.65µm
u_uart_tx.reg_data\[3\],19.65µm
_0763_,19.6µm
_0826_,19.6µm
net19,19.6µm
net88,19.6µm
clknet_4_4_0_sys_clk_i,19.6µm
clknet_4_6_0_sys_clk_i,19.6µm
cfg_tx_en_o,19.46µm
_0780_,19.19µm
u_dc_fifo_rx.u_din.buffer.data\[12\],19.19µm
u_dc_fifo_rx.u_din.buffer.data\[27\],19.19µm
_0400_,19.14µm
_0442_,19.14µm
_0853_,19.14µm
net184,19.14µm
_0433_,19.09µm
_0642_,19.09µm
_0843_,19.09µm
net163,19.09µm
net165,19.09µm
net73,19.09µm
u_dc_fifo_tx.u_dout.empty_synch.d_middle\[1\],19.09µm
u_reg_if.r_err_overflow,19.09µm
u_uart_rx.parity_bit,19.09µm
_0044_,19.04µm
_0177_,19.04µm
_0323_,19.04µm
_0457_,19.04µm
net29,19.04µm
net68,19.04µm
i_ep_err_parity.i_sync_clkb.i_pulp_sync.r_reg\[0\],19.04µm
clknet_4_3_0_sys_clk_i,19.04µm
_0639_,18.58µm
_0018_,18.53µm
_0682_,18.53µm
net123,18.53µm
clknet_4_3_0_periph_clk_i,18.53µm
_0418_,18.48µm
_0832_,18.48µm
net25,18.48µm
cfg_tx_size_o[10],18.34µm
_0791_,18.07µm
u_dc_fifo_rx.u_din.buffer.data\[1\],18.02µm
u_fifo.i_fifo.buffer\[0\]\[6\],18.02µm
u_reg_if.r_uart_rx_data\[5\],18.02µm
cfg_data_o[14],17.985µm
_0111_,17.97µm
_0270_,17.97µm
_0281_,17.97µm
_0841_,17.97µm
net122,17.97µm
u_dc_fifo_rx.u_din.buffer.data\[30\],17.97µm
net366,17.97µm
_0158_,17.92µm
_0594_,17.92µm
_0847_,17.92µm
net119,17.92µm
net137,17.92µm
net70,17.92µm
net97,17.92µm
cfg_tx_continuous_o,17.78µm
data_rx_o[0],17.78µm
rx_char_event_o,17.78µm
u_dc_fifo_tx.u_din.buffer.data\[14\],17.46µm
u_dc_fifo_tx.u_din.buffer.data\[3\],17.46µm
_0036_,17.41µm
_0192_,17.41µm
net14,17.41µm
net96,17.41µm
net181,17.41µm
cfg_data_o[12],17.375µm
_0188_,17.36µm
net24,17.36µm
net56,17.36µm
i_ep_event.s_input_reg_next,17.36µm
net344,17.22µm
net350,17.22µm
cfg_rx_size_o[3],17.22µm
_0779_,16.95µm
u_fifo.i_fifo.buffer\[1\]\[0\],16.9µm
_0020_,16.85µm
_0178_,16.85µm
_0407_,16.85µm
_0416_,16.85µm
_0608_,16.85µm
net94,16.85µm
u_dc_fifo_rx.u_dout.empty_synch.d_out\[3\],16.85µm
u_fifo.i_fifo.buffer\[0\]\[1\],16.85µm
net347,16.815µm
_0054_,16.8µm
_0211_,16.8µm
_0388_,16.8µm
_0681_,16.8µm
_0830_,16.8µm
net330,16.66µm
data_tx_i[6],16.66µm
_0662_,16.39µm
_0468_,16.34µm
net101,16.34µm
clknet_4_13_0_sys_clk_i,16.34µm
_0238_,16.29µm
_0708_,16.29µm
net52,16.29µm
net150,16.29µm
net369,16.29µm
_0208_,16.24µm
_0470_,16.24µm
_0607_,16.24µm
_0640_,16.24µm
_0704_,16.24µm
_0818_,16.24µm
net106,16.24µm
r_uart_en_rx_sync\[0\],16.24µm
net335,16.1µm
_0339_,15.78µm
_0675_,15.78µm
_0034_,15.73µm
_0140_,15.73µm
_0147_,15.73µm
_0258_,15.73µm
_0431_,15.73µm
_0474_,15.73µm
_0475_,15.73µm
_0713_,15.73µm
net115,15.73µm
u_dc_fifo_rx.u_din.buffer.data\[20\],15.73µm
u_dc_fifo_rx.u_din.full.latched_full_s,15.73µm
u_uart_tx.reg_data\[4\],15.73µm
net326,15.695µm
_0093_,15.68µm
_0393_,15.68µm
_0489_,15.68µm
_0505_,15.68µm
_0590_,15.68µm
_0599_,15.68µm
_0633_,15.68µm
_0828_,15.68µm
net13,15.68µm
net110,15.68µm
clknet_4_8_0_sys_clk_i,15.68µm
clknet_4_2_0_periph_clk_i,15.68µm
data_tx_i[4],15.54µm
_0856_,15.22µm
u_dc_fifo_rx.u_din.buffer.data\[31\],15.22µm
u_reg_if.r_uart_rx_data\[7\],15.22µm
u_uart_tx.baud_cnt\[15\],15.22µm
_0265_,15.17µm
_0421_,15.17µm
net12,15.17µm
net48,15.17µm
r_status_sync\[3\],15.17µm
u_uart_rx.busy_o,15.17µm
cfg_rx_bytes_left_i[11],15.135µm
_0062_,15.12µm
_0312_,15.12µm
net79,15.12µm
u_fifo.i_fifo.buffer\[0\]\[4\],15.12µm
net360,15.12µm
cfg_tx_size_o[14],14.98µm
_0411_,14.76µm
_0310_,14.71µm
_0558_,14.66µm
u_dc_fifo_tx.u_din.buffer.data\[13\],14.66µm
u_uart_tx.reg_data\[1\],14.66µm
_0010_,14.61µm
_0129_,14.61µm
_0263_,14.61µm
_0397_,14.61µm
net80,14.61µm
net346,14.575µm
net348,14.575µm
net,14.575µm
_0201_,14.56µm
_0645_,14.56µm
_0654_,14.56µm
_0846_,14.56µm
_0420_,14.15µm
net257,14.1µm
_0017_,14.05µm
_0060_,14.05µm
_0214_,14.05µm
_0698_,14.05µm
_0849_,14.05µm
_0855_,14.05µm
net11,14.05µm
net121,14.05µm
net129,14.05µm
net50,14.05µm
u_dc_fifo_rx.u_dout.empty_synch.d_out\[0\],14.05µm
u_fifo.r_inflight\[0\],14.05µm
_0268_,14µm
net69,14µm
net71,14µm
net356,13.86µm
_0492_,13.59µm
_0786_,13.59µm
_0366_,13.54µm
_0857_,13.54µm
u_dc_fifo_rx.u_din.buffer.data\[15\],13.54µm
u_dc_fifo_tx.u_din.buffer.data\[15\],13.54µm
_0002_,13.49µm
_0005_,13.49µm
_0031_,13.49µm
_0173_,13.49µm
_0175_,13.49µm
_0396_,13.49µm
_0464_,13.49µm
_0660_,13.49µm
_0781_,13.49µm
_0815_,13.49µm
net362,13.49µm
net355,13.455µm
_0154_,13.44µm
_0227_,13.44µm
_0609_,13.44µm
_0692_,13.44µm
u_dc_fifo_rx.u_din.full.full_synch.d_middle\[0\],13.44µm
net328,13.3µm
data_tx_i[5],13.3µm
cfg_tx_startaddr_o[10],13.3µm
u_fifo.i_fifo.buffer\[0\]\[2\],13.03µm
_0426_,12.98µm
u_dc_fifo_rx.u_din.buffer.data\[28\],12.98µm
u_dc_fifo_tx.u_din.buffer.data\[31\],12.98µm
net327,12.945µm
_0003_,12.93µm
_0019_,12.93µm
_0074_,12.93µm
_0242_,12.93µm
_0351_,12.93µm
net60,12.93µm
u_dc_fifo_tx.u_din.buffer.data\[30\],12.93µm
_0007_,12.88µm
_0063_,12.88µm
_0166_,12.88µm
_0283_,12.88µm
_0659_,12.88µm
_0683_,12.88µm
net86,12.88µm
i_ep_err_parity.sync_a\[0\],12.88µm
i_ep_event.sync_a\[1\],12.88µm
data_tx_i[0],12.74µm
rstn_i,12.74µm
cfg_rx_size_o[10],12.74µm
cfg_tx_size_o[11],12.74µm
_0735_,12.65µm
_0709_,12.47µm
u_fifo.i_fifo.buffer\[0\]\[3\],12.42µm
u_fifo.i_fifo.buffer\[1\]\[4\],12.42µm
_0126_,12.37µm
_0151_,12.37µm
_0163_,12.37µm
_0216_,12.37µm
_0231_,12.37µm
_0282_,12.37µm
_0288_,12.37µm
_0498_,12.37µm
_0573_,12.37µm
_0602_,12.37µm
net27,12.37µm
net59,12.37µm
i_ep_event.sync_a\[0\],12.37µm
net367,12.37µm
net329,12.335µm
net338,12.335µm
net352,12.335µm
net353,12.335µm
_0280_,12.32µm
_0557_,12.32µm
_0596_,12.32µm
_0819_,12.32µm
s_uart_err_irq_en,12.32µm
_0476_,11.86µm
_0814_,11.86µm
i_ep_err_overflow.i_sync_clkb.i_pulp_sync.r_reg\[1\],11.86µm
u_dc_fifo_tx.u_din.buffer.data\[29\],11.86µm
_0024_,11.81µm
_0051_,11.81µm
_0089_,11.81µm
_0105_,11.81µm
_0161_,11.81µm
_0206_,11.81µm
_0223_,11.81µm
_0243_,11.81µm
_0565_,11.81µm
net120,11.81µm
_0109_,11.76µm
_0244_,11.76µm
_0305_,11.76µm
_0724_,11.76µm
_0806_,11.76µm
u_dc_fifo_rx.u_din.buffer.data\[14\],11.76µm
cfg_data_i[11],11.62µm
cfg_data_i[23],11.62µm
data_tx_i[1],11.62µm
cfg_rx_size_o[9],11.62µm
data_tx_ready_o,11.62µm
_0346_,11.35µm
_0551_,11.3µm
i_ep_err_overflow.sync_a\[1\],11.3µm
u_dc_fifo_tx.u_din.buffer.data\[10\],11.3µm
u_dc_fifo_tx.u_din.buffer.data\[8\],11.3µm
_0033_,11.25µm
_0486_,11.25µm
_0519_,11.25µm
_0553_,11.25µm
_0554_,11.25µm
_0656_,11.25µm
net20,11.25µm
net143,11.25µm
u_dc_fifo_tx.u_din.full.latched_full_s,11.25µm
net325,11.215µm
net333,11.215µm
net339,11.215µm
net331,11.215µm
_0119_,11.2µm
_0139_,11.2µm
_0251_,11.2µm
_0299_,11.2µm
_0304_,11.2µm
_0403_,11.2µm
_0550_,11.2µm
_0644_,11.2µm
net126,11.2µm
net139,11.2µm
net64,11.2µm
clknet_4_15_0_sys_clk_i,11.2µm
cfg_data_i[9],11.06µm
data_tx_req_o,11.06µm
_0296_,10.79µm
u_uart_tx.reg_data\[6\],10.79µm
_0736_,10.74µm
_0817_,10.74µm
i_ep_err_parity.i_sync_clkb.serial_o,10.74µm
cfg_data_o[10],10.705µm
_0071_,10.69µm
_0082_,10.69µm
_0116_,10.69µm
_0247_,10.69µm
_0250_,10.69µm
_0338_,10.69µm
_0469_,10.69µm
_0667_,10.69µm
_0755_,10.69µm
net341,10.655µm
_0014_,10.64µm
_0037_,10.64µm
_0049_,10.64µm
_0080_,10.64µm
_0143_,10.64µm
_0156_,10.64µm
_0196_,10.64µm
_0303_,10.64µm
_0570_,10.64µm
_0687_,10.64µm
_0842_,10.64µm
net16,10.64µm
net368,10.64µm
net345,10.55µm
cfg_data_o[23],10.55µm
cfg_rx_size_o[11],10.5µm
cfg_rx_size_o[15],10.5µm
cfg_tx_startaddr_o[11],10.5µm
uart_tx_o,10.5µm
_0491_,10.23µm
_0424_,10.18µm
_0061_,10.13µm
_0066_,10.13µm
_0076_,10.13µm
_0085_,10.13µm
_0088_,10.13µm
_0239_,10.13µm
_0269_,10.13µm
_0284_,10.13µm
_0422_,10.13µm
_0690_,10.13µm
_0703_,10.13µm
_0801_,10.13µm
_0210_,10.08µm
_0308_,10.08µm
_0401_,10.08µm
_0480_,10.08µm
_0509_,10.08µm
_0575_,10.08µm
_0593_,10.08µm
_0595_,10.08µm
_0604_,10.08µm
_0646_,10.08µm
net67,10.08µm
u_dc_fifo_tx.u_din.buffer.data\[24\],10.08µm
net342,9.94µm
cfg_data_i[14],9.94µm
data_tx_i[2],9.94µm
data_tx_i[7],9.94µm
data_tx_valid_i,9.94µm
cfg_rx_size_o[14],9.94µm
cfg_rx_startaddr_o[9],9.94µm
u_dc_fifo_rx.u_dout.empty_synch.d_middle\[1\],9.62µm
_0001_,9.57µm
_0181_,9.57µm
_0189_,9.57µm
_0207_,9.57µm
_0273_,9.57µm
_0373_,9.57µm
_0526_,9.57µm
_0588_,9.57µm
_0711_,9.57µm
net363,9.57µm
net370,9.57µm
_0067_,9.52µm
_0419_,9.52µm
_0535_,9.52µm
_0725_,9.52µm
net340,9.38µm
cfg_data_i[15],9.38µm
cfg_rx_startaddr_o[10],9.38µm
_0009_,9.01µm
_0011_,9.01µm
_0039_,9.01µm
_0052_,9.01µm
_0070_,9.01µm
_0072_,9.01µm
_0117_,9.01µm
_0136_,9.01µm
_0198_,9.01µm
_0333_,9.01µm
_0497_,9.01µm
net144,9.01µm
u_uart_rx.r_error_parity,9.01µm
_0168_,8.96µm
_0313_,8.96µm
_0326_,8.96µm
_0347_,8.96µm
_0503_,8.96µm
_0504_,8.96µm
_0797_,8.96µm
net114,8.96µm
data_tx_gnt_i,8.87µm
data_tx_i[3],8.87µm
net349,8.465µm
net332,8.465µm
_0064_,8.45µm
_0087_,8.45µm
_0176_,8.45µm
_0264_,8.45µm
_0276_,8.45µm
_0391_,8.45µm
_0432_,8.45µm
_0527_,8.45µm
_0589_,8.45µm
_0605_,8.45µm
_0787_,8.45µm
_0821_,8.45µm
u_dc_fifo_tx.u_dout.empty_synch.d_middle\[2\],8.45µm
_0056_,8.4µm
_0101_,8.4µm
_0115_,8.4µm
_0150_,8.4µm
_0232_,8.4µm
_0259_,8.4µm
_0297_,8.4µm
_0300_,8.4µm
_0382_,8.4µm
_0438_,8.4µm
_0455_,8.4µm
_0511_,8.4µm
_0584_,8.4µm
_0630_,8.4µm
_0641_,8.4µm
_0670_,8.4µm
_0783_,8.4µm
net65,8.4µm
net98,8.4µm
net359,8.4µm
net361,8.4µm
_0485_,7.94µm
_0560_,7.94µm
net81,7.94µm
_0047_,7.89µm
_0075_,7.89µm
_0095_,7.89µm
_0107_,7.89µm
_0169_,7.89µm
_0197_,7.89µm
_0204_,7.89µm
_0256_,7.89µm
_0730_,7.89µm
_0753_,7.89µm
net141,7.89µm
_0000_,7.84µm
_0013_,7.84µm
_0015_,7.84µm
_0026_,7.84µm
_0110_,7.84µm
_0148_,7.84µm
_0153_,7.84µm
_0171_,7.84µm
_0344_,7.84µm
_0406_,7.84µm
_0537_,7.84µm
_0564_,7.84µm
_0627_,7.84µm
_0651_,7.84µm
_0757_,7.84µm
_0761_,7.84µm
_0833_,7.84µm
net178,7.84µm
_0587_,7.38µm
_0100_,7.33µm
_0103_,7.33µm
_0174_,7.33µm
_0240_,7.33µm
_0437_,7.33µm
_0482_,7.33µm
_0837_,7.33µm
i_ep_err_overflow.s_input_reg_next,7.33µm
_0022_,7.28µm
_0097_,7.28µm
_0098_,7.28µm
_0145_,7.28µm
_0149_,7.28µm
_0167_,7.28µm
_0271_,7.28µm
_0316_,7.28µm
_0348_,7.28µm
_0508_,7.28µm
_0545_,7.28µm
_0566_,7.28µm
_0579_,7.28µm
_0606_,7.28µm
_0618_,7.28µm
_0767_,7.28µm
_0825_,7.28µm
clknet_4_11_0_sys_clk_i,7.28µm
_0417_,6.82µm
_0423_,6.82µm
_0603_,6.82µm
_0754_,6.82µm
net30,6.82µm
_0038_,6.77µm
_0096_,6.77µm
_0159_,6.77µm
_0200_,6.77µm
_0330_,6.77µm
_0581_,6.77µm
_0600_,6.77µm
net75,6.77µm
net87,6.77µm
u_dc_fifo_tx.u_din.full.full_synch.d_middle\[0\],6.77µm
_0027_,6.72µm
_0046_,6.72µm
_0058_,6.72µm
_0094_,6.72µm
_0118_,6.72µm
_0152_,6.72µm
_0202_,6.72µm
_0218_,6.72µm
_0275_,6.72µm
_0302_,6.72µm
_0345_,6.72µm
_0367_,6.72µm
_0368_,6.72µm
_0439_,6.72µm
_0522_,6.72µm
_0524_,6.72µm
_0577_,6.72µm
_0628_,6.72µm
_0686_,6.72µm
_0729_,6.72µm
_0752_,6.72µm
_0768_,6.72µm
_0782_,6.72µm
_0816_,6.72µm
net41,6.72µm
net83,6.72µm
r_status_sync\[0\],6.72µm
u_dc_fifo_rx.u_dout.empty_synch.d_middle\[0\],6.72µm
_0272_,6.26µm
_0473_,6.26µm
_0556_,6.26µm
_0598_,6.26µm
_0626_,6.26µm
_0632_,6.26µm
_0678_,6.26µm
_0053_,6.21µm
_0073_,6.21µm
_0106_,6.21µm
_0225_,6.21µm
_0226_,6.21µm
_0248_,6.21µm
_0277_,6.21µm
_0425_,6.21µm
_0591_,6.21µm
_0655_,6.21µm
_0658_,6.21µm
_0050_,6.16µm
_0102_,6.16µm
_0285_,6.16µm
_0325_,6.16µm
_0337_,6.16µm
_0500_,6.16µm
_0613_,6.16µm
_0705_,6.16µm
_0750_,6.16µm
_0794_,6.16µm
_0809_,6.16µm
_0845_,6.16µm
_0472_,5.75µm
_0427_,5.7µm
_0664_,5.7µm
_0734_,5.7µm
_0021_,5.65µm
_0055_,5.65µm
_0091_,5.65µm
_0127_,5.65µm
_0132_,5.65µm
_0205_,5.65µm
_0260_,5.65µm
_0331_,5.65µm
_0820_,5.65µm
u_dc_fifo_tx.u_dout.empty_synch.d_middle\[3\],5.65µm
_0079_,5.6µm
_0108_,5.6µm
_0134_,5.6µm
_0290_,5.6µm
_0488_,5.6µm
_0520_,5.6µm
_0531_,5.6µm
_0555_,5.6µm
_0559_,5.6µm
_0789_,5.6µm
_0829_,5.6µm
net95,5.6µm
i_ep_err_parity.s_input_reg_next,5.6µm
_0341_,5.14µm
_0410_,5.14µm
_0465_,5.14µm
_0477_,5.14µm
_0004_,5.09µm
_0032_,5.09µm
_0099_,5.09µm
_0170_,5.09µm
_0620_,5.09µm
_0647_,5.09µm
_0835_,5.09µm
i_ep_err_overflow.sync_a\[0\],5.09µm
_0041_,5.04µm
_0042_,5.04µm
_0083_,5.04µm
_0112_,5.04µm
_0120_,5.04µm
_0121_,5.04µm
_0125_,5.04µm
_0155_,5.04µm
_0162_,5.04µm
_0199_,5.04µm
_0221_,5.04µm
_0236_,5.04µm
_0252_,5.04µm
_0253_,5.04µm
_0254_,5.04µm
_0267_,5.04µm
_0279_,5.04µm
_0295_,5.04µm
_0324_,5.04µm
_0506_,5.04µm
_0542_,5.04µm
_0547_,5.04µm
_0571_,5.04µm
_0586_,5.04µm
_0625_,5.04µm
_0810_,5.04µm
_0811_,5.04µm
_0824_,5.04µm
net92,5.04µm
net365,5.04µm
_0481_,4.58µm
_0538_,4.58µm
_0543_,4.58µm
_0792_,4.58µm
_0025_,4.53µm
_0562_,4.53µm
_0621_,4.53µm
_0638_,4.53µm
_0741_,4.53µm
_0008_,4.48µm
_0030_,4.48µm
_0069_,4.48µm
_0077_,4.48µm
_0081_,4.48µm
_0090_,4.48µm
_0123_,4.48µm
_0142_,4.48µm
_0144_,4.48µm
_0157_,4.48µm
_0233_,4.48µm
_0241_,4.48µm
_0246_,4.48µm
_0249_,4.48µm
_0255_,4.48µm
_0318_,4.48µm
_0354_,4.48µm
_0415_,4.48µm
_0516_,4.48µm
_0534_,4.48µm
_0610_,4.48µm
_0652_,4.48µm
_0770_,4.48µm
_0808_,4.48µm
_0813_,4.48µm
net40,4.48µm
u_dc_fifo_rx.u_dout.empty_synch.d_middle\[3\],4.48µm
_0029_,4.02µm
_0392_,4.02µm
_0507_,4.02µm
_0773_,4.02µm
_0774_,4.02µm
_0528_,3.97µm
_0728_,3.97µm
_0756_,3.97µm
_0023_,3.92µm
_0057_,3.92µm
_0059_,3.92µm
_0104_,3.92µm
_0113_,3.92µm
_0128_,3.92µm
_0160_,3.92µm
_0229_,3.92µm
_0245_,3.92µm
_0261_,3.92µm
_0286_,3.92µm
_0289_,3.92µm
_0435_,3.92µm
_0490_,3.92µm
_0518_,3.92µm
_0568_,3.92µm
_0582_,3.92µm
_0612_,3.92µm
_0836_,3.92µm
_0839_,3.92µm
net131,3.92µm
u_dc_fifo_tx.u_din.buffer.data\[7\],3.92µm
u_uart_rx.reg_rx_sync\[0\],3.92µm
u_uart_tx.reg_bit_count\[2\],3.92µm
_0320_,3.46µm
_0336_,3.46µm
_0766_,3.46µm
_0850_,3.46µm
_0443_,3.41µm
_0028_,3.36µm
_0035_,3.36µm
_0040_,3.36µm
_0043_,3.36µm
_0065_,3.36µm
_0084_,3.36µm
_0114_,3.36µm
_0122_,3.36µm
_0124_,3.36µm
_0130_,3.36µm
_0131_,3.36µm
_0137_,3.36µm
_0164_,3.36µm
_0187_,3.36µm
_0193_,3.36µm
_0194_,3.36µm
_0195_,3.36µm
_0230_,3.36µm
_0234_,3.36µm
_0237_,3.36µm
_0274_,3.36µm
_0440_,3.36µm
_0483_,3.36µm
_0539_,3.36µm
_0544_,3.36µm
_0548_,3.36µm
_0549_,3.36µm
_0597_,3.36µm
_0631_,3.36µm
_0666_,3.36µm
_0672_,3.36µm
_0695_,3.36µm
_0733_,3.36µm
_0737_,3.36µm
_0759_,3.36µm
_0760_,3.36µm
_0831_,3.36µm
u_dc_fifo_rx.u_dout.empty_synch.d_middle\[2\],3.36µm
net358,3.36µm
_0471_,2.9µm
_0536_,2.9µm
_0572_,2.9µm
_0715_,2.9µm
_0749_,2.9µm
_0012_,2.8µm
_0045_,2.8µm
_0048_,2.8µm
_0078_,2.8µm
_0086_,2.8µm
_0092_,2.8µm
_0133_,2.8µm
_0135_,2.8µm
_0138_,2.8µm
_0146_,2.8µm
_0165_,2.8µm
_0217_,2.8µm
_0222_,2.8µm
_0224_,2.8µm
_0228_,2.8µm
_0235_,2.8µm
_0262_,2.8µm
_0266_,2.8µm
_0278_,2.8µm
_0287_,2.8µm
_0309_,2.8µm
_0317_,2.8µm
_0371_,2.8µm
_0499_,2.8µm
_0530_,2.8µm
_0578_,2.8µm
_0583_,2.8µm
_0648_,2.8µm
_0751_,2.8µm
_0798_,2.8µm
net357,2.8µm
net364,2.8µm
_0467_,2.34µm
_0546_,2.34µm
_0567_,2.34µm
_0569_,2.34µm
_0335_,2.24µm
_0436_,2.24µm
_0484_,2.24µm
_0580_,2.24µm
_0616_,2.24µm
_0624_,2.24µm
_0776_,2.24µm
_0834_,2.24µm
u_uart_rx.reg_rx_sync\[1\],2.24µm
_0349_,1.68µm
_0395_,1.68µm
_0463_,1.68µm
_0611_,1.68µm
_0617_,1.68µm
_0619_,1.68µm
_0635_,1.68µm
_0637_,1.68µm
_0769_,1.68µm
i_ep_event.i_sync_clkb.i_pulp_sync.r_reg\[0\],1.68µm
_0434_,1.12µm
_0552_,1.12µm
_0799_,1.12µm
